bnd -21.2745 -16.6985 22.3921 10
shp 368 74 1283
  p -13.1282 -7.95366 2.65265 0
  p -11.9148 -7.88328 2.65265 0
  p -10.7017 -7.82664 2.65265 0
  p -9.4885 -7.78074 2.65265 0
  p -8.27537 -7.74416 2.65265 0
  p -7.06231 -7.71592 2.65265 0
  p -5.84934 -7.69527 2.65265 0
  p -4.63646 -7.68145 2.65265 0
  p -3.42368 -7.67364 2.65265 0
  p -2.211 -7.67134 2.65265 0
  p -0.99842 -7.67417 2.65265 0
  p 0.214057 -7.68197 2.65265 0
  p 1.42646 -7.69468 2.65265 0
  p 2.6388 -7.71228 2.65265 0
  p 3.85114 -7.73477 2.65265 0
  p 5.06351 -7.76231 2.65265 0
  p 6.27597 -7.79535 2.65265 0
  p 7.48855 -7.83454 2.65265 0
  p 8.7013 -7.88051 2.65265 0
  p 9.91428 -7.93341 2.65265 0
  p 11.1276 -7.99272 2.65265 0
  p 12.3413 -8.05769 2.65265 0
  p 13.5558 -8.12761 2.65265 0
  p -13.1535 -6.73737 2.65265 0
  p -11.9376 -6.67041 2.65265 0
  p -10.7207 -6.61427 2.65265 0
  p -9.50372 -6.56873 2.65265 0
  p -8.28654 -6.53246 2.65265 0
  p -7.06926 -6.50446 2.65265 0
  p -5.85208 -6.48389 2.65265 0
  p -4.63521 -6.47 2.65265 0
  p -3.41876 -6.46211 2.65265 0
  p -2.20272 -6.4597 2.65265 0
  p -0.98709 -6.46242 2.65265 0
  p 0.22817 -6.4701 2.65265 0
  p 1.44306 -6.48266 2.65265 0
  p 2.65756 -6.50008 2.65265 0
  p 3.8717 -6.52243 2.65265 0
  p 5.08555 -6.54993 2.65265 0
  p 6.29924 -6.58301 2.65265 0
  p 7.51286 -6.62226 2.65265 0
  p 8.72638 -6.66812 2.65265 0
  p 9.93965 -6.72067 2.65265 0
  p 11.1525 -6.77949 2.65265 0
  p 12.3648 -6.844 2.65265 0
  p 13.5763 -6.91276 2.65265 0
  p -13.1735 -5.52194 2.65265 0
  p -11.9566 -5.45902 2.65265 0
  p -10.7376 -5.40525 2.65265 0
  p -9.51727 -5.36121 2.65265 0
  p -8.29631 -5.32611 2.65265 0
  p -7.07507 -5.29892 2.65265 0
  p -5.85397 -5.27875 2.65265 0
  p -4.63336 -5.26493 2.65265 0
  p -3.41341 -5.25691 2.65265 0
  p -2.19419 -5.25424 2.65265 0
  p -0.975656 -5.25663 2.65265 0
  p 0.242214 -5.2639 2.65265 0
  p 1.45943 -5.27596 2.65265 0
  p 2.67598 -5.29284 2.65265 0
  p 3.89187 -5.31465 2.65265 0
  p 5.10719 -5.34168 2.65265 0
  p 6.32205 -5.37437 2.65265 0
  p 7.53649 -5.4132 2.65265 0
  p 8.75044 -5.45844 2.65265 0
  p 9.9637 -5.51007 2.65265 0
  p 11.176 -5.56776 2.65265 0
  p 12.3872 -5.63109 2.65265 0
  p 13.5976 -5.69926 2.65265 0
  p -13.1902 -4.30741 2.65265 0
  p -11.9723 -4.249 2.65265 0
  p -10.7514 -4.1991 2.65265 0
  p -9.52829 -4.15801 2.65265 0
  p -8.3039 -4.12503 2.65265 0
  p -7.07905 -4.09922 2.65265 0
  p -5.85442 -4.07975 2.65265 0
  p -4.63047 -4.0661 2.65265 0
  p -3.40743 -4.05787 2.65265 0
  p -2.18535 -4.05478 2.65265 0
  p -0.964215 -4.05661 2.65265 0
  p 0.256013 -4.06321 2.65265 0
  p 1.47536 -4.07449 2.65265 0
  p 2.69382 -4.0905 2.65265 0
  p 3.91142 -4.11141 2.65265 0
  p 5.12819 -4.13757 2.65265 0
  p 6.34418 -4.16939 2.65265 0
  p 7.55938 -4.20727 2.65265 0
  p 8.77368 -4.25137 2.65265 0
  p 9.98687 -4.30161 2.65265 0
  p 11.1988 -4.35776 2.65265 0
  p 12.4093 -4.41966 2.65265 0
  p 13.6188 -4.48667 2.65265 0
  p -13.2034 -3.09379 2.65265 0
  p -11.9842 -3.04082 2.65265 0
  p -10.7614 -2.996 2.65265 0
  p -9.53563 -2.95913 2.65265 0
  p -8.30819 -2.92919 2.65265 0
  p -7.08028 -2.90524 2.65265 0
  p -5.85276 -2.88666 2.65265 0
  p -4.62612 -2.87319 2.65265 0
  p -3.40055 -2.86469 2.65265 0
  p -2.17612 -2.86105 2.65265 0
  p -0.95279 -2.86212 2.65265 0
  p 0.269467 -2.86782 2.65265 0
  p 1.49069 -2.87808 2.65265 0
  p 2.71089 -2.89296 2.65265 0
  p 3.93006 -2.91268 2.65265 0
  p 5.14821 -2.93758 2.65265 0
  p 6.3653 -2.96807 2.65265 0
  p 7.58124 -3.00449 2.65265 0
  p 8.79588 -3.04696 2.65265 0
  p 10.0091 -3.09541 2.65265 0
  p 11.2207 -3.14968 2.65265 0
  p 12.4306 -3.20972 2.65265 0
  p 13.6392 -3.27498 2.65265 0
  p -13.2122 -1.88104 2.65265 0
  p -11.9917 -1.83492 2.65265 0
  p -10.7666 -1.79654 2.65265 0
  p -9.53814 -1.76496 2.65265 0
  p -8.30811 -1.73865 2.65265 0
  p -7.07799 -1.71672 2.65265 0
  p -5.84852 -1.69905 2.65265 0
  p -4.62003 -1.68577 2.65265 0
  p -3.39265 -1.67695 2.65265 0
  p -2.16646 -1.67265 2.65265 0
  p -0.941426 -1.67284 2.65265 0
  p 0.282491 -1.67747 2.65265 0
  p 1.50531 -1.68654 2.65265 0
  p 2.72704 -1.7001 2.65265 0
  p 3.94763 -1.71837 2.65265 0
  p 5.16704 -1.74168 2.65265 0
  p 6.38514 -1.77043 2.65265 0
  p 7.6018 -1.80494 2.65265 0
  p 8.81684 -1.84532 2.65265 0
  p 10.0301 -1.89156 2.65265 0
  p 11.2414 -1.94355 2.65265 0
  p 12.4508 -2.00126 2.65265 0
  p 13.6586 -2.06418 2.65265 0
  p -13.2157 -0.66915 2.65265 0
  p -11.9933 -0.631971 2.65265 0
  p -10.7654 -0.601696 2.65265 0
  p -9.5344 -0.576086 2.65265 0
  p -8.30284 -0.55321 2.65265 0
  p -7.07182 -0.533103 2.65265 0
  p -5.8415 -0.516347 2.65265 0
  p -4.61208 -0.503266 2.65265 0
  p -3.38372 -0.494129 2.65265 0
  p -2.15643 -0.489147 2.65265 0
  p -0.930192 -0.488417 2.65265 0
  p 0.295005 -0.491944 2.65265 0
  p 1.51914 -0.499718 2.65265 0
  p 2.74217 -0.511807 2.65265 0
  p 3.964 -0.528408 2.65265 0
  p 5.18451 -0.549848 2.65265 0
  p 6.40354 -0.576505 2.65265 0
  p 7.62088 -0.608693 2.65265 0
  p 8.83633 -0.646568 2.65265 0
  p 10.0497 -0.690138 2.65265 0
  p 11.2608 -0.739357 2.65265 0
  p 12.4696 -0.794259 2.65265 0
  p 13.6764 -0.854213 2.65265 0
  p -13.211 0.541881 2.65265 0
  p -11.9864 0.566825 2.65265 0
  p -10.7552 0.587088 2.65265 0
  p -9.52316 0.607633 2.65265 0
  p -8.29236 0.628026 2.65265 0
  p -7.06181 0.646318 2.65265 0
  p -5.83169 0.662102 2.65265 0
  p -4.60236 0.674963 2.65265 0
  p -3.37385 0.684351 2.65265 0
  p -2.14612 0.689894 2.65265 0
  p -0.919176 0.691441 2.65265 0
  p 0.306927 0.688979 2.65265 0
  p 1.53209 0.682523 2.65265 0
  p 2.75619 0.672016 2.65265 0
  p 3.97906 0.657267 2.65265 0
  p 5.20052 0.637954 2.65265 0
  p 6.42034 0.613698 2.65265 0
  p 7.63829 0.584182 2.65265 0
  p 8.85412 0.549225 2.65265 0
  p 10.0676 0.508783 2.65265 0
  p 11.2785 0.462873 2.65265 0
  p 12.4866 0.411413 2.65265 0
  p 13.6922 0.354922 2.65265 0
  p -13.1955 1.75209 2.65265 0
  p -11.9647 1.75752 2.65265 0
  p -10.7327 1.77004 2.65265 0
  p -9.5055 1.78867 2.65265 0
  p -8.2771 1.80597 2.65265 0
  p -7.04798 1.82217 2.65265 0
  p -5.81932 1.83709 2.65265 0
  p -4.59114 1.84965 2.65265 0
  p -3.36326 1.85904 2.65265 0
  p -2.13566 1.86487 2.65265 0
  p -0.908468 1.86701 2.65265 0
  p 0.318163 1.86547 2.65265 0
  p 1.54404 1.86029 2.65265 0
  p 2.76894 1.85143 2.65265 0
  p 3.99264 1.83868 2.65265 0
  p 5.21487 1.82173 2.65265 0
  p 6.43535 1.80017 2.65265 0
  p 7.6538 1.77365 2.65265 0
  p 8.86994 1.74199 2.65265 0
  p 10.0835 1.70513 2.65265 0
  p 11.2941 1.66305 2.65265 0
  p 12.5017 1.61569 2.65265 0
  p 13.7064 1.56327 2.65265 0
  p -13.1394 2.96042 2.65265 0
  p -11.9158 2.94036 2.65265 0
  p -10.7037 2.95619 2.65265 0
  p -9.48273 2.96811 2.65265 0
  p -8.25661 2.98076 2.65265 0
  p -7.03075 2.99547 2.65265 0
  p -5.805 3.00958 2.65265 0
  p -4.57882 3.02146 2.65265 0
  p -3.35214 3.03039 2.65265 0
  p -2.12515 3.03609 2.65265 0
  p -0.898134 3.03851 2.65265 0
  p 0.328624 3.03769 2.65265 0
  p 1.55484 3.03369 2.65265 0
  p 2.78023 3.02648 2.65265 0
  p 4.0045 3.01585 2.65265 0
  p 5.22733 3.00147 2.65265 0
  p 6.44832 2.98288 2.65265 0
  p 7.66713 2.95968 2.65265 0
  p 8.88344 2.93166 2.65265 0
  p 10.097 2.89882 2.65265 0
  p 11.3074 2.86109 2.65265 0
  p 12.5143 2.81827 2.65265 0
  p 13.7184 2.77087 2.65265 0
  p -12.9958 4.15971 2.65265 0
  p -11.8668 4.15393 2.65265 0
  p -10.6722 4.14461 2.65265 0
  p -9.45157 4.14315 2.65265 0
  p -8.23174 4.15407 2.65265 0
  p -7.01154 4.16771 2.65265 0
  p -5.78953 4.18035 2.65265 0
  p -4.56576 4.19081 2.65265 0
  p -3.34063 4.19868 2.65265 0
  p -2.11463 4.20379 2.65265 0
  p -0.888208 4.20615 2.65265 0
  p 0.338234 4.20583 2.65265 0
  p 1.56435 4.20287 2.65265 0
  p 2.78983 4.19724 2.65265 0
  p 4.01435 4.18876 2.65265 0
  p 5.23755 4.17709 2.65265 0
  p 6.45894 4.16177 2.65265 0
  p 7.67802 4.14227 2.65265 0
  p 8.89431 4.11824 2.65265 0
  p 10.1077 4.08972 2.65265 0
  p 11.3178 4.05691 2.65265 0
  p 12.5238 4.01946 2.65265 0
  p 13.7258 3.97778 2.65265 0
  p -13.0903 5.36321 2.65265 0
  p -11.8614 5.35309 2.65265 0
  p -10.6257 5.31468 2.65265 0
  p -9.41594 5.31777 2.65265 0
  p -8.20647 5.32849 2.65265 0
  p -6.99201 5.33958 2.65265 0
  p -5.77352 5.34955 2.65265 0
  p -4.55214 5.35778 2.65265 0
  p -3.32876 5.36401 2.65265 0
  p -2.10408 5.36813 2.65265 0
  p -0.878695 5.37014 2.65265 0
  p 0.346937 5.37009 2.65265 0
  p 1.57245 5.36801 2.65265 0
  p 2.79754 5.36385 2.65265 0
  p 4.02189 5.35745 2.65265 0
  p 5.24513 5.34854 2.65265 0
  p 6.46676 5.33667 2.65265 0
  p 7.68611 5.3213 2.65265 0
  p 8.9024 5.30186 2.65265 0
  p 10.115 5.27789 2.65265 0
  p 11.3245 5.25013 2.65265 0
  p 12.5302 5.21918 2.65265 0
  p 13.731 5.18404 2.65265 0
  p -13.1209 6.5709 2.65265 0
  p -11.7964 6.45439 2.65265 0
  p -10.5847 6.48289 2.65265 0
  p -9.38875 6.49566 2.65265 0
  p -8.18433 6.50314 2.65265 0
  p -6.97322 6.51015 2.65265 0
  p -5.75734 6.51663 2.65265 0
  p -4.53807 6.52212 2.65265 0
  p -3.31652 6.52636 2.65265 0
  p -2.09348 6.52924 2.65265 0
  p -0.869582 6.5307 2.65265 0
  p 0.354715 6.53075 2.65265 0
  p 1.57906 6.52936 2.65265 0
  p 2.80319 6.5265 2.65265 0
  p 4.02683 6.52204 2.65265 0
  p 5.24966 6.51577 2.65265 0
  p 6.47121 6.50737 2.65265 0
  p 7.69076 6.4964 2.65265 0
  p 8.90735 6.48224 2.65265 0
  p 10.1198 6.4641 2.65265 0
  p 11.3268 6.44065 2.65265 0
  p 12.5321 6.41548 2.65265 0
  p 13.7339 6.38971 2.65265 0
  p -12.6176 7.66404 2.65265 0
  p -11.6919 7.6663 2.65265 0
  p -10.5645 7.66916 2.65265 0
  p -9.37105 7.67134 2.65265 0
  p -8.16612 7.67435 2.65265 0
  p -6.95581 7.67752 2.65265 0
  p -5.74127 7.68059 2.65265 0
  p -4.52366 7.68337 2.65265 0
  p -3.30393 7.68563 2.65265 0
  p -2.08282 7.68723 2.65265 0
  p -0.860851 7.68807 2.65265 0
  p 0.361575 7.68809 2.65265 0
  p 1.58417 7.68725 2.65265 0
  p 2.80672 7.6855 2.65265 0
  p 4.02901 7.68277 2.65265 0
  p 5.25078 7.67892 2.65265 0
  p 6.47168 7.6738 2.65265 0
  p 7.69112 7.66715 2.65265 0
  p 8.90818 7.65856 2.65265 0
  p 10.1214 7.64723 2.65265 0
  p 11.3286 7.63218 2.65265 0
  p 12.5243 7.60769 2.65265 0
  p 13.7248 7.59479 2.65265 0
  p -13.0198 8.80013 2.65265 0
  p -11.7561 8.88806 2.65265 0
  p -10.5563 8.84852 2.65265 0
  p -9.3585 8.83971 2.65265 0
  p -8.15189 8.83916 2.65265 0
  p -6.94024 8.83957 2.65265 0
  p -5.72566 8.8402 2.65265 0
  p -4.50908 8.84094 2.65265 0
  p -3.29109 8.84165 2.65265 0
  p -2.07211 8.84219 2.65265 0
  p -0.852484 8.84249 2.65265 0
  p 0.367542 8.84246 2.65265 0
  p 1.58778 8.84207 2.65265 0
  p 2.80807 8.84129 2.65265 0
  p 4.02828 8.84006 2.65265 0
  p 5.24824 8.83836 2.65265 0
  p 6.46772 8.83613 2.65265 0
  p 7.68638 8.83331 2.65265 0
  p 8.90366 8.82978 2.65265 0
  p 10.1185 8.8253 2.65265 0
  p 11.3285 8.81914 2.65265 0
  p 12.5266 8.81587 2.65265 0
  p 13.6709 8.79827 2.65265 0
  p -13.0086 10 2.65265 0
  p -11.7925 10 2.65265 0
  p -10.575 10 2.65265 0
  p -9.35878 10 2.65265 0
  p -8.14292 10 2.65265 0
  p -6.92706 10 2.65265 0
  p -5.71102 10 2.65265 0
  p -4.49476 10 2.65265 0
  p -3.27826 10 2.65265 0
  p -2.06151 10 2.65265 0
  p -0.84456 10 2.65265 0
  p 0.372576 10 2.65265 0
  p 1.58985 10 2.65265 0
  p 2.80721 10 2.65265 0
  p 4.02463 10 2.65265 0
  p 5.24199 10 2.65265 0
  p 6.45926 10 2.65265 0
  p 7.67638 10 2.65265 0
  p 8.89327 10 2.65265 0
  p 10.1099 10 2.65265 0
  p 11.3263 10 2.65265 0
  p 12.5421 10 2.65265 0
  p 13.7587 10 2.65265 0
  c 0 1 1.21616
  c 1 2 1.21616
  c 2 3 1.21616
  c 3 4 1.21616
  c 4 5 1.21616
  c 5 6 1.21616
  c 6 7 1.21616
  c 7 8 1.21616
  c 8 9 1.21616
  c 9 10 1.21616
  c 10 11 1.21616
  c 11 12 1.21616
  c 12 13 1.21616
  c 13 14 1.21616
  c 14 15 1.21616
  c 15 16 1.21616
  c 16 17 1.21616
  c 17 18 1.21616
  c 18 19 1.21616
  c 19 20 1.21616
  c 20 21 1.21616
  c 21 22 1.21616
  c 22 45 1.21616
  c 45 68 1.21616
  c 68 91 1.21616
  c 91 114 1.21616
  c 114 137 1.21616
  c 137 160 1.21616
  c 160 183 1.21616
  c 183 206 1.21616
  c 206 229 1.21616
  c 229 252 1.21616
  c 252 275 1.21616
  c 275 298 1.21616
  c 298 321 1.21616
  c 321 344 1.21616
  c 344 367 1.21616
  c 367 366 1.21616
  c 366 365 1.21616
  c 365 364 1.21616
  c 364 363 1.21616
  c 363 362 1.21616
  c 362 361 1.21616
  c 361 360 1.21616
  c 360 359 1.21616
  c 359 358 1.21616
  c 358 357 1.21616
  c 357 356 1.21616
  c 356 355 1.21616
  c 355 354 1.21616
  c 354 353 1.21616
  c 353 352 1.21616
  c 352 351 1.21616
  c 351 350 1.21616
  c 350 349 1.21616
  c 349 348 1.21616
  c 348 347 1.21616
  c 347 346 1.21616
  c 346 345 1.21616
  c 345 322 1.21616
  c 322 299 1.21616
  c 299 276 1.21616
  c 276 253 1.21616
  c 253 230 1.21616
  c 230 207 1.21616
  c 207 184 1.21616
  c 184 161 1.21616
  c 161 138 1.21616
  c 138 115 1.21616
  c 115 92 1.21616
  c 92 69 1.21616
  c 69 46 1.21616
  c 46 23 1.21616
  c 23 0 1.21616
  s 23 24 1.21616 2394.63 12347.4
  s 1 24 1.21616 2394.63 12347.4
  s 0 24 1.71991 2394.63 12347.4
  s 23 1 1.71991 2394.63 12347.4
  s 46 47 1.21616 2394.63 12347.4
  s 24 47 1.21616 2394.63 12347.4
  s 23 47 1.71991 2394.63 12347.4
  s 46 24 1.71991 2394.63 12347.4
  s 69 70 1.21616 2394.63 12347.4
  s 47 70 1.21616 2394.63 12347.4
  s 46 70 1.71991 2394.63 12347.4
  s 69 47 1.71991 2394.63 12347.4
  s 92 93 1.21616 2394.63 12347.4
  s 70 93 1.21616 2394.63 12347.4
  s 69 93 1.71991 2394.63 12347.4
  s 92 70 1.71991 2394.63 12347.4
  s 115 116 1.21616 2394.63 12347.4
  s 93 116 1.21616 2394.63 12347.4
  s 92 116 1.71991 2394.63 12347.4
  s 115 93 1.71991 2394.63 12347.4
  s 138 139 1.21616 2394.63 12347.4
  s 116 139 1.21616 2394.63 12347.4
  s 115 139 1.71991 2394.63 12347.4
  s 138 116 1.71991 2394.63 12347.4
  s 161 162 1.21616 2394.63 12347.4
  s 139 162 1.21616 2394.63 12347.4
  s 138 162 1.71991 2394.63 12347.4
  s 161 139 1.71991 2394.63 12347.4
  s 184 185 1.21616 2394.63 12347.4
  s 162 185 1.21616 2394.63 12347.4
  s 161 185 1.71991 2394.63 12347.4
  s 184 162 1.71991 2394.63 12347.4
  s 207 208 1.21616 2394.63 12347.4
  s 185 208 1.21616 2394.63 12347.4
  s 184 208 1.71991 2394.63 12347.4
  s 207 185 1.71991 2394.63 12347.4
  s 230 231 1.21616 2394.63 12347.4
  s 208 231 1.21616 2394.63 12347.4
  s 207 231 1.71991 2394.63 12347.4
  s 230 208 1.71991 2394.63 12347.4
  s 253 254 1.21616 2394.63 12347.4
  s 231 254 1.21616 2394.63 12347.4
  s 230 254 1.71991 2394.63 12347.4
  s 253 231 1.71991 2394.63 12347.4
  s 276 277 1.21616 2394.63 12347.4
  s 254 277 1.21616 2394.63 12347.4
  s 253 277 1.71991 2394.63 12347.4
  s 276 254 1.71991 2394.63 12347.4
  s 299 300 1.21616 2394.63 12347.4
  s 277 300 1.21616 2394.63 12347.4
  s 276 300 1.71991 2394.63 12347.4
  s 299 277 1.71991 2394.63 12347.4
  s 322 323 1.21616 2394.63 12347.4
  s 300 323 1.21616 2394.63 12347.4
  s 299 323 1.71991 2394.63 12347.4
  s 322 300 1.71991 2394.63 12347.4
  s 323 346 1.21616 2394.63 12347.4
  s 322 346 1.71991 2394.63 12347.4
  s 345 323 1.71991 2394.63 12347.4
  s 24 25 1.21616 2394.63 12347.4
  s 2 25 1.21616 2394.63 12347.4
  s 1 25 1.71991 2394.63 12347.4
  s 24 2 1.71991 2394.63 12347.4
  s 47 48 1.21616 2394.63 12347.4
  s 25 48 1.21616 2394.63 12347.4
  s 24 48 1.71991 2394.63 12347.4
  s 47 25 1.71991 2394.63 12347.4
  s 70 71 1.21616 2394.63 12347.4
  s 48 71 1.21616 2394.63 12347.4
  s 47 71 1.71991 2394.63 12347.4
  s 70 48 1.71991 2394.63 12347.4
  s 93 94 1.21616 2394.63 12347.4
  s 71 94 1.21616 2394.63 12347.4
  s 70 94 1.71991 2394.63 12347.4
  s 93 71 1.71991 2394.63 12347.4
  s 116 117 1.21616 2394.63 12347.4
  s 94 117 1.21616 2394.63 12347.4
  s 93 117 1.71991 2394.63 12347.4
  s 116 94 1.71991 2394.63 12347.4
  s 139 140 1.21616 2394.63 12347.4
  s 117 140 1.21616 2394.63 12347.4
  s 116 140 1.71991 2394.63 12347.4
  s 139 117 1.71991 2394.63 12347.4
  s 162 163 1.21616 2394.63 12347.4
  s 140 163 1.21616 2394.63 12347.4
  s 139 163 1.71991 2394.63 12347.4
  s 162 140 1.71991 2394.63 12347.4
  s 185 186 1.21616 2394.63 12347.4
  s 163 186 1.21616 2394.63 12347.4
  s 162 186 1.71991 2394.63 12347.4
  s 185 163 1.71991 2394.63 12347.4
  s 208 209 1.21616 2394.63 12347.4
  s 186 209 1.21616 2394.63 12347.4
  s 185 209 1.71991 2394.63 12347.4
  s 208 186 1.71991 2394.63 12347.4
  s 231 232 1.21616 2394.63 12347.4
  s 209 232 1.21616 2394.63 12347.4
  s 208 232 1.71991 2394.63 12347.4
  s 231 209 1.71991 2394.63 12347.4
  s 254 255 1.21616 2394.63 12347.4
  s 232 255 1.21616 2394.63 12347.4
  s 231 255 1.71991 2394.63 12347.4
  s 254 232 1.71991 2394.63 12347.4
  s 277 278 1.21616 2394.63 12347.4
  s 255 278 1.21616 2394.63 12347.4
  s 254 278 1.71991 2394.63 12347.4
  s 277 255 1.71991 2394.63 12347.4
  s 300 301 1.21616 2394.63 12347.4
  s 278 301 1.21616 2394.63 12347.4
  s 277 301 1.71991 2394.63 12347.4
  s 300 278 1.71991 2394.63 12347.4
  s 323 324 1.21616 2394.63 12347.4
  s 301 324 1.21616 2394.63 12347.4
  s 300 324 1.71991 2394.63 12347.4
  s 323 301 1.71991 2394.63 12347.4
  s 324 347 1.21616 2394.63 12347.4
  s 323 347 1.71991 2394.63 12347.4
  s 346 324 1.71991 2394.63 12347.4
  s 25 26 1.21616 2394.63 12347.4
  s 3 26 1.21616 2394.63 12347.4
  s 2 26 1.71991 2394.63 12347.4
  s 25 3 1.71991 2394.63 12347.4
  s 48 49 1.21616 2394.63 12347.4
  s 26 49 1.21616 2394.63 12347.4
  s 25 49 1.71991 2394.63 12347.4
  s 48 26 1.71991 2394.63 12347.4
  s 71 72 1.21616 2394.63 12347.4
  s 49 72 1.21616 2394.63 12347.4
  s 48 72 1.71991 2394.63 12347.4
  s 71 49 1.71991 2394.63 12347.4
  s 94 95 1.21616 2394.63 12347.4
  s 72 95 1.21616 2394.63 12347.4
  s 71 95 1.71991 2394.63 12347.4
  s 94 72 1.71991 2394.63 12347.4
  s 117 118 1.21616 2394.63 12347.4
  s 95 118 1.21616 2394.63 12347.4
  s 94 118 1.71991 2394.63 12347.4
  s 117 95 1.71991 2394.63 12347.4
  s 140 141 1.21616 2394.63 12347.4
  s 118 141 1.21616 2394.63 12347.4
  s 117 141 1.71991 2394.63 12347.4
  s 140 118 1.71991 2394.63 12347.4
  s 163 164 1.21616 2394.63 12347.4
  s 141 164 1.21616 2394.63 12347.4
  s 140 164 1.71991 2394.63 12347.4
  s 163 141 1.71991 2394.63 12347.4
  s 186 187 1.21616 2394.63 12347.4
  s 164 187 1.21616 2394.63 12347.4
  s 163 187 1.71991 2394.63 12347.4
  s 186 164 1.71991 2394.63 12347.4
  s 209 210 1.21616 2394.63 12347.4
  s 187 210 1.21616 2394.63 12347.4
  s 186 210 1.71991 2394.63 12347.4
  s 209 187 1.71991 2394.63 12347.4
  s 232 233 1.21616 2394.63 12347.4
  s 210 233 1.21616 2394.63 12347.4
  s 209 233 1.71991 2394.63 12347.4
  s 232 210 1.71991 2394.63 12347.4
  s 255 256 1.21616 2394.63 12347.4
  s 233 256 1.21616 2394.63 12347.4
  s 232 256 1.71991 2394.63 12347.4
  s 255 233 1.71991 2394.63 12347.4
  s 278 279 1.21616 2394.63 12347.4
  s 256 279 1.21616 2394.63 12347.4
  s 255 279 1.71991 2394.63 12347.4
  s 278 256 1.71991 2394.63 12347.4
  s 301 302 1.21616 2394.63 12347.4
  s 279 302 1.21616 2394.63 12347.4
  s 278 302 1.71991 2394.63 12347.4
  s 301 279 1.71991 2394.63 12347.4
  s 324 325 1.21616 2394.63 12347.4
  s 302 325 1.21616 2394.63 12347.4
  s 301 325 1.71991 2394.63 12347.4
  s 324 302 1.71991 2394.63 12347.4
  s 325 348 1.21616 2394.63 12347.4
  s 324 348 1.71991 2394.63 12347.4
  s 347 325 1.71991 2394.63 12347.4
  s 26 27 1.21616 2394.63 12347.4
  s 4 27 1.21616 2394.63 12347.4
  s 3 27 1.71991 2394.63 12347.4
  s 26 4 1.71991 2394.63 12347.4
  s 49 50 1.21616 2394.63 12347.4
  s 27 50 1.21616 2394.63 12347.4
  s 26 50 1.71991 2394.63 12347.4
  s 49 27 1.71991 2394.63 12347.4
  s 72 73 1.21616 2394.63 12347.4
  s 50 73 1.21616 2394.63 12347.4
  s 49 73 1.71991 2394.63 12347.4
  s 72 50 1.71991 2394.63 12347.4
  s 95 96 1.21616 2394.63 12347.4
  s 73 96 1.21616 2394.63 12347.4
  s 72 96 1.71991 2394.63 12347.4
  s 95 73 1.71991 2394.63 12347.4
  s 118 119 1.21616 2394.63 12347.4
  s 96 119 1.21616 2394.63 12347.4
  s 95 119 1.71991 2394.63 12347.4
  s 118 96 1.71991 2394.63 12347.4
  s 141 142 1.21616 2394.63 12347.4
  s 119 142 1.21616 2394.63 12347.4
  s 118 142 1.71991 2394.63 12347.4
  s 141 119 1.71991 2394.63 12347.4
  s 164 165 1.21616 2394.63 12347.4
  s 142 165 1.21616 2394.63 12347.4
  s 141 165 1.71991 2394.63 12347.4
  s 164 142 1.71991 2394.63 12347.4
  s 187 188 1.21616 2394.63 12347.4
  s 165 188 1.21616 2394.63 12347.4
  s 164 188 1.71991 2394.63 12347.4
  s 187 165 1.71991 2394.63 12347.4
  s 210 211 1.21616 2394.63 12347.4
  s 188 211 1.21616 2394.63 12347.4
  s 187 211 1.71991 2394.63 12347.4
  s 210 188 1.71991 2394.63 12347.4
  s 233 234 1.21616 2394.63 12347.4
  s 211 234 1.21616 2394.63 12347.4
  s 210 234 1.71991 2394.63 12347.4
  s 233 211 1.71991 2394.63 12347.4
  s 256 257 1.21616 2394.63 12347.4
  s 234 257 1.21616 2394.63 12347.4
  s 233 257 1.71991 2394.63 12347.4
  s 256 234 1.71991 2394.63 12347.4
  s 279 280 1.21616 2394.63 12347.4
  s 257 280 1.21616 2394.63 12347.4
  s 256 280 1.71991 2394.63 12347.4
  s 279 257 1.71991 2394.63 12347.4
  s 302 303 1.21616 2394.63 12347.4
  s 280 303 1.21616 2394.63 12347.4
  s 279 303 1.71991 2394.63 12347.4
  s 302 280 1.71991 2394.63 12347.4
  s 325 326 1.21616 2394.63 12347.4
  s 303 326 1.21616 2394.63 12347.4
  s 302 326 1.71991 2394.63 12347.4
  s 325 303 1.71991 2394.63 12347.4
  s 326 349 1.21616 2394.63 12347.4
  s 325 349 1.71991 2394.63 12347.4
  s 348 326 1.71991 2394.63 12347.4
  s 27 28 1.21616 2394.63 12347.4
  s 5 28 1.21616 2394.63 12347.4
  s 4 28 1.71991 2394.63 12347.4
  s 27 5 1.71991 2394.63 12347.4
  s 50 51 1.21616 2394.63 12347.4
  s 28 51 1.21616 2394.63 12347.4
  s 27 51 1.71991 2394.63 12347.4
  s 50 28 1.71991 2394.63 12347.4
  s 73 74 1.21616 2394.63 12347.4
  s 51 74 1.21616 2394.63 12347.4
  s 50 74 1.71991 2394.63 12347.4
  s 73 51 1.71991 2394.63 12347.4
  s 96 97 1.21616 2394.63 12347.4
  s 74 97 1.21616 2394.63 12347.4
  s 73 97 1.71991 2394.63 12347.4
  s 96 74 1.71991 2394.63 12347.4
  s 119 120 1.21616 2394.63 12347.4
  s 97 120 1.21616 2394.63 12347.4
  s 96 120 1.71991 2394.63 12347.4
  s 119 97 1.71991 2394.63 12347.4
  s 142 143 1.21616 2394.63 12347.4
  s 120 143 1.21616 2394.63 12347.4
  s 119 143 1.71991 2394.63 12347.4
  s 142 120 1.71991 2394.63 12347.4
  s 165 166 1.21616 2394.63 12347.4
  s 143 166 1.21616 2394.63 12347.4
  s 142 166 1.71991 2394.63 12347.4
  s 165 143 1.71991 2394.63 12347.4
  s 188 189 1.21616 2394.63 12347.4
  s 166 189 1.21616 2394.63 12347.4
  s 165 189 1.71991 2394.63 12347.4
  s 188 166 1.71991 2394.63 12347.4
  s 211 212 1.21616 2394.63 12347.4
  s 189 212 1.21616 2394.63 12347.4
  s 188 212 1.71991 2394.63 12347.4
  s 211 189 1.71991 2394.63 12347.4
  s 234 235 1.21616 2394.63 12347.4
  s 212 235 1.21616 2394.63 12347.4
  s 211 235 1.71991 2394.63 12347.4
  s 234 212 1.71991 2394.63 12347.4
  s 257 258 1.21616 2394.63 12347.4
  s 235 258 1.21616 2394.63 12347.4
  s 234 258 1.71991 2394.63 12347.4
  s 257 235 1.71991 2394.63 12347.4
  s 280 281 1.21616 2394.63 12347.4
  s 258 281 1.21616 2394.63 12347.4
  s 257 281 1.71991 2394.63 12347.4
  s 280 258 1.71991 2394.63 12347.4
  s 303 304 1.21616 2394.63 12347.4
  s 281 304 1.21616 2394.63 12347.4
  s 280 304 1.71991 2394.63 12347.4
  s 303 281 1.71991 2394.63 12347.4
  s 326 327 1.21616 2394.63 12347.4
  s 304 327 1.21616 2394.63 12347.4
  s 303 327 1.71991 2394.63 12347.4
  s 326 304 1.71991 2394.63 12347.4
  s 327 350 1.21616 2394.63 12347.4
  s 326 350 1.71991 2394.63 12347.4
  s 349 327 1.71991 2394.63 12347.4
  s 28 29 1.21616 2394.63 12347.4
  s 6 29 1.21616 2394.63 12347.4
  s 5 29 1.71991 2394.63 12347.4
  s 28 6 1.71991 2394.63 12347.4
  s 51 52 1.21616 2394.63 12347.4
  s 29 52 1.21616 2394.63 12347.4
  s 28 52 1.71991 2394.63 12347.4
  s 51 29 1.71991 2394.63 12347.4
  s 74 75 1.21616 2394.63 12347.4
  s 52 75 1.21616 2394.63 12347.4
  s 51 75 1.71991 2394.63 12347.4
  s 74 52 1.71991 2394.63 12347.4
  s 97 98 1.21616 2394.63 12347.4
  s 75 98 1.21616 2394.63 12347.4
  s 74 98 1.71991 2394.63 12347.4
  s 97 75 1.71991 2394.63 12347.4
  s 120 121 1.21616 2394.63 12347.4
  s 98 121 1.21616 2394.63 12347.4
  s 97 121 1.71991 2394.63 12347.4
  s 120 98 1.71991 2394.63 12347.4
  s 143 144 1.21616 2394.63 12347.4
  s 121 144 1.21616 2394.63 12347.4
  s 120 144 1.71991 2394.63 12347.4
  s 143 121 1.71991 2394.63 12347.4
  s 166 167 1.21616 2394.63 12347.4
  s 144 167 1.21616 2394.63 12347.4
  s 143 167 1.71991 2394.63 12347.4
  s 166 144 1.71991 2394.63 12347.4
  s 189 190 1.21616 2394.63 12347.4
  s 167 190 1.21616 2394.63 12347.4
  s 166 190 1.71991 2394.63 12347.4
  s 189 167 1.71991 2394.63 12347.4
  s 212 213 1.21616 2394.63 12347.4
  s 190 213 1.21616 2394.63 12347.4
  s 189 213 1.71991 2394.63 12347.4
  s 212 190 1.71991 2394.63 12347.4
  s 235 236 1.21616 2394.63 12347.4
  s 213 236 1.21616 2394.63 12347.4
  s 212 236 1.71991 2394.63 12347.4
  s 235 213 1.71991 2394.63 12347.4
  s 258 259 1.21616 2394.63 12347.4
  s 236 259 1.21616 2394.63 12347.4
  s 235 259 1.71991 2394.63 12347.4
  s 258 236 1.71991 2394.63 12347.4
  s 281 282 1.21616 2394.63 12347.4
  s 259 282 1.21616 2394.63 12347.4
  s 258 282 1.71991 2394.63 12347.4
  s 281 259 1.71991 2394.63 12347.4
  s 304 305 1.21616 2394.63 12347.4
  s 282 305 1.21616 2394.63 12347.4
  s 281 305 1.71991 2394.63 12347.4
  s 304 282 1.71991 2394.63 12347.4
  s 327 328 1.21616 2394.63 12347.4
  s 305 328 1.21616 2394.63 12347.4
  s 304 328 1.71991 2394.63 12347.4
  s 327 305 1.71991 2394.63 12347.4
  s 328 351 1.21616 2394.63 12347.4
  s 327 351 1.71991 2394.63 12347.4
  s 350 328 1.71991 2394.63 12347.4
  s 29 30 1.21616 2394.63 12347.4
  s 7 30 1.21616 2394.63 12347.4
  s 6 30 1.71991 2394.63 12347.4
  s 29 7 1.71991 2394.63 12347.4
  s 52 53 1.21616 2394.63 12347.4
  s 30 53 1.21616 2394.63 12347.4
  s 29 53 1.71991 2394.63 12347.4
  s 52 30 1.71991 2394.63 12347.4
  s 75 76 1.21616 2394.63 12347.4
  s 53 76 1.21616 2394.63 12347.4
  s 52 76 1.71991 2394.63 12347.4
  s 75 53 1.71991 2394.63 12347.4
  s 98 99 1.21616 2394.63 12347.4
  s 76 99 1.21616 2394.63 12347.4
  s 75 99 1.71991 2394.63 12347.4
  s 98 76 1.71991 2394.63 12347.4
  s 121 122 1.21616 2394.63 12347.4
  s 99 122 1.21616 2394.63 12347.4
  s 98 122 1.71991 2394.63 12347.4
  s 121 99 1.71991 2394.63 12347.4
  s 144 145 1.21616 2394.63 12347.4
  s 122 145 1.21616 2394.63 12347.4
  s 121 145 1.71991 2394.63 12347.4
  s 144 122 1.71991 2394.63 12347.4
  s 167 168 1.21616 2394.63 12347.4
  s 145 168 1.21616 2394.63 12347.4
  s 144 168 1.71991 2394.63 12347.4
  s 167 145 1.71991 2394.63 12347.4
  s 190 191 1.21616 2394.63 12347.4
  s 168 191 1.21616 2394.63 12347.4
  s 167 191 1.71991 2394.63 12347.4
  s 190 168 1.71991 2394.63 12347.4
  s 213 214 1.21616 2394.63 12347.4
  s 191 214 1.21616 2394.63 12347.4
  s 190 214 1.71991 2394.63 12347.4
  s 213 191 1.71991 2394.63 12347.4
  s 236 237 1.21616 2394.63 12347.4
  s 214 237 1.21616 2394.63 12347.4
  s 213 237 1.71991 2394.63 12347.4
  s 236 214 1.71991 2394.63 12347.4
  s 259 260 1.21616 2394.63 12347.4
  s 237 260 1.21616 2394.63 12347.4
  s 236 260 1.71991 2394.63 12347.4
  s 259 237 1.71991 2394.63 12347.4
  s 282 283 1.21616 2394.63 12347.4
  s 260 283 1.21616 2394.63 12347.4
  s 259 283 1.71991 2394.63 12347.4
  s 282 260 1.71991 2394.63 12347.4
  s 305 306 1.21616 2394.63 12347.4
  s 283 306 1.21616 2394.63 12347.4
  s 282 306 1.71991 2394.63 12347.4
  s 305 283 1.71991 2394.63 12347.4
  s 328 329 1.21616 2394.63 12347.4
  s 306 329 1.21616 2394.63 12347.4
  s 305 329 1.71991 2394.63 12347.4
  s 328 306 1.71991 2394.63 12347.4
  s 329 352 1.21616 2394.63 12347.4
  s 328 352 1.71991 2394.63 12347.4
  s 351 329 1.71991 2394.63 12347.4
  s 30 31 1.21616 2394.63 12347.4
  s 8 31 1.21616 2394.63 12347.4
  s 7 31 1.71991 2394.63 12347.4
  s 30 8 1.71991 2394.63 12347.4
  s 53 54 1.21616 2394.63 12347.4
  s 31 54 1.21616 2394.63 12347.4
  s 30 54 1.71991 2394.63 12347.4
  s 53 31 1.71991 2394.63 12347.4
  s 76 77 1.21616 2394.63 12347.4
  s 54 77 1.21616 2394.63 12347.4
  s 53 77 1.71991 2394.63 12347.4
  s 76 54 1.71991 2394.63 12347.4
  s 99 100 1.21616 2394.63 12347.4
  s 77 100 1.21616 2394.63 12347.4
  s 76 100 1.71991 2394.63 12347.4
  s 99 77 1.71991 2394.63 12347.4
  s 122 123 1.21616 2394.63 12347.4
  s 100 123 1.21616 2394.63 12347.4
  s 99 123 1.71991 2394.63 12347.4
  s 122 100 1.71991 2394.63 12347.4
  s 145 146 1.21616 2394.63 12347.4
  s 123 146 1.21616 2394.63 12347.4
  s 122 146 1.71991 2394.63 12347.4
  s 145 123 1.71991 2394.63 12347.4
  s 168 169 1.21616 2394.63 12347.4
  s 146 169 1.21616 2394.63 12347.4
  s 145 169 1.71991 2394.63 12347.4
  s 168 146 1.71991 2394.63 12347.4
  s 191 192 1.21616 2394.63 12347.4
  s 169 192 1.21616 2394.63 12347.4
  s 168 192 1.71991 2394.63 12347.4
  s 191 169 1.71991 2394.63 12347.4
  s 214 215 1.21616 2394.63 12347.4
  s 192 215 1.21616 2394.63 12347.4
  s 191 215 1.71991 2394.63 12347.4
  s 214 192 1.71991 2394.63 12347.4
  s 237 238 1.21616 2394.63 12347.4
  s 215 238 1.21616 2394.63 12347.4
  s 214 238 1.71991 2394.63 12347.4
  s 237 215 1.71991 2394.63 12347.4
  s 260 261 1.21616 2394.63 12347.4
  s 238 261 1.21616 2394.63 12347.4
  s 237 261 1.71991 2394.63 12347.4
  s 260 238 1.71991 2394.63 12347.4
  s 283 284 1.21616 2394.63 12347.4
  s 261 284 1.21616 2394.63 12347.4
  s 260 284 1.71991 2394.63 12347.4
  s 283 261 1.71991 2394.63 12347.4
  s 306 307 1.21616 2394.63 12347.4
  s 284 307 1.21616 2394.63 12347.4
  s 283 307 1.71991 2394.63 12347.4
  s 306 284 1.71991 2394.63 12347.4
  s 329 330 1.21616 2394.63 12347.4
  s 307 330 1.21616 2394.63 12347.4
  s 306 330 1.71991 2394.63 12347.4
  s 329 307 1.71991 2394.63 12347.4
  s 330 353 1.21616 2394.63 12347.4
  s 329 353 1.71991 2394.63 12347.4
  s 352 330 1.71991 2394.63 12347.4
  s 31 32 1.21616 2394.63 12347.4
  s 9 32 1.21616 2394.63 12347.4
  s 8 32 1.71991 2394.63 12347.4
  s 31 9 1.71991 2394.63 12347.4
  s 54 55 1.21616 2394.63 12347.4
  s 32 55 1.21616 2394.63 12347.4
  s 31 55 1.71991 2394.63 12347.4
  s 54 32 1.71991 2394.63 12347.4
  s 77 78 1.21616 2394.63 12347.4
  s 55 78 1.21616 2394.63 12347.4
  s 54 78 1.71991 2394.63 12347.4
  s 77 55 1.71991 2394.63 12347.4
  s 100 101 1.21616 2394.63 12347.4
  s 78 101 1.21616 2394.63 12347.4
  s 77 101 1.71991 2394.63 12347.4
  s 100 78 1.71991 2394.63 12347.4
  s 123 124 1.21616 2394.63 12347.4
  s 101 124 1.21616 2394.63 12347.4
  s 100 124 1.71991 2394.63 12347.4
  s 123 101 1.71991 2394.63 12347.4
  s 146 147 1.21616 2394.63 12347.4
  s 124 147 1.21616 2394.63 12347.4
  s 123 147 1.71991 2394.63 12347.4
  s 146 124 1.71991 2394.63 12347.4
  s 169 170 1.21616 2394.63 12347.4
  s 147 170 1.21616 2394.63 12347.4
  s 146 170 1.71991 2394.63 12347.4
  s 169 147 1.71991 2394.63 12347.4
  s 192 193 1.21616 2394.63 12347.4
  s 170 193 1.21616 2394.63 12347.4
  s 169 193 1.71991 2394.63 12347.4
  s 192 170 1.71991 2394.63 12347.4
  s 215 216 1.21616 2394.63 12347.4
  s 193 216 1.21616 2394.63 12347.4
  s 192 216 1.71991 2394.63 12347.4
  s 215 193 1.71991 2394.63 12347.4
  s 238 239 1.21616 2394.63 12347.4
  s 216 239 1.21616 2394.63 12347.4
  s 215 239 1.71991 2394.63 12347.4
  s 238 216 1.71991 2394.63 12347.4
  s 261 262 1.21616 2394.63 12347.4
  s 239 262 1.21616 2394.63 12347.4
  s 238 262 1.71991 2394.63 12347.4
  s 261 239 1.71991 2394.63 12347.4
  s 284 285 1.21616 2394.63 12347.4
  s 262 285 1.21616 2394.63 12347.4
  s 261 285 1.71991 2394.63 12347.4
  s 284 262 1.71991 2394.63 12347.4
  s 307 308 1.21616 2394.63 12347.4
  s 285 308 1.21616 2394.63 12347.4
  s 284 308 1.71991 2394.63 12347.4
  s 307 285 1.71991 2394.63 12347.4
  s 330 331 1.21616 2394.63 12347.4
  s 308 331 1.21616 2394.63 12347.4
  s 307 331 1.71991 2394.63 12347.4
  s 330 308 1.71991 2394.63 12347.4
  s 331 354 1.21616 2394.63 12347.4
  s 330 354 1.71991 2394.63 12347.4
  s 353 331 1.71991 2394.63 12347.4
  s 32 33 1.21616 2394.63 12347.4
  s 10 33 1.21616 2394.63 12347.4
  s 9 33 1.71991 2394.63 12347.4
  s 32 10 1.71991 2394.63 12347.4
  s 55 56 1.21616 2394.63 12347.4
  s 33 56 1.21616 2394.63 12347.4
  s 32 56 1.71991 2394.63 12347.4
  s 55 33 1.71991 2394.63 12347.4
  s 78 79 1.21616 2394.63 12347.4
  s 56 79 1.21616 2394.63 12347.4
  s 55 79 1.71991 2394.63 12347.4
  s 78 56 1.71991 2394.63 12347.4
  s 101 102 1.21616 2394.63 12347.4
  s 79 102 1.21616 2394.63 12347.4
  s 78 102 1.71991 2394.63 12347.4
  s 101 79 1.71991 2394.63 12347.4
  s 124 125 1.21616 2394.63 12347.4
  s 102 125 1.21616 2394.63 12347.4
  s 101 125 1.71991 2394.63 12347.4
  s 124 102 1.71991 2394.63 12347.4
  s 147 148 1.21616 2394.63 12347.4
  s 125 148 1.21616 2394.63 12347.4
  s 124 148 1.71991 2394.63 12347.4
  s 147 125 1.71991 2394.63 12347.4
  s 170 171 1.21616 2394.63 12347.4
  s 148 171 1.21616 2394.63 12347.4
  s 147 171 1.71991 2394.63 12347.4
  s 170 148 1.71991 2394.63 12347.4
  s 193 194 1.21616 2394.63 12347.4
  s 171 194 1.21616 2394.63 12347.4
  s 170 194 1.71991 2394.63 12347.4
  s 193 171 1.71991 2394.63 12347.4
  s 216 217 1.21616 2394.63 12347.4
  s 194 217 1.21616 2394.63 12347.4
  s 193 217 1.71991 2394.63 12347.4
  s 216 194 1.71991 2394.63 12347.4
  s 239 240 1.21616 2394.63 12347.4
  s 217 240 1.21616 2394.63 12347.4
  s 216 240 1.71991 2394.63 12347.4
  s 239 217 1.71991 2394.63 12347.4
  s 262 263 1.21616 2394.63 12347.4
  s 240 263 1.21616 2394.63 12347.4
  s 239 263 1.71991 2394.63 12347.4
  s 262 240 1.71991 2394.63 12347.4
  s 285 286 1.21616 2394.63 12347.4
  s 263 286 1.21616 2394.63 12347.4
  s 262 286 1.71991 2394.63 12347.4
  s 285 263 1.71991 2394.63 12347.4
  s 308 309 1.21616 2394.63 12347.4
  s 286 309 1.21616 2394.63 12347.4
  s 285 309 1.71991 2394.63 12347.4
  s 308 286 1.71991 2394.63 12347.4
  s 331 332 1.21616 2394.63 12347.4
  s 309 332 1.21616 2394.63 12347.4
  s 308 332 1.71991 2394.63 12347.4
  s 331 309 1.71991 2394.63 12347.4
  s 332 355 1.21616 2394.63 12347.4
  s 331 355 1.71991 2394.63 12347.4
  s 354 332 1.71991 2394.63 12347.4
  s 33 34 1.21616 2394.63 12347.4
  s 11 34 1.21616 2394.63 12347.4
  s 10 34 1.71991 2394.63 12347.4
  s 33 11 1.71991 2394.63 12347.4
  s 56 57 1.21616 2394.63 12347.4
  s 34 57 1.21616 2394.63 12347.4
  s 33 57 1.71991 2394.63 12347.4
  s 56 34 1.71991 2394.63 12347.4
  s 79 80 1.21616 2394.63 12347.4
  s 57 80 1.21616 2394.63 12347.4
  s 56 80 1.71991 2394.63 12347.4
  s 79 57 1.71991 2394.63 12347.4
  s 102 103 1.21616 2394.63 12347.4
  s 80 103 1.21616 2394.63 12347.4
  s 79 103 1.71991 2394.63 12347.4
  s 102 80 1.71991 2394.63 12347.4
  s 125 126 1.21616 2394.63 12347.4
  s 103 126 1.21616 2394.63 12347.4
  s 102 126 1.71991 2394.63 12347.4
  s 125 103 1.71991 2394.63 12347.4
  s 148 149 1.21616 2394.63 12347.4
  s 126 149 1.21616 2394.63 12347.4
  s 125 149 1.71991 2394.63 12347.4
  s 148 126 1.71991 2394.63 12347.4
  s 171 172 1.21616 2394.63 12347.4
  s 149 172 1.21616 2394.63 12347.4
  s 148 172 1.71991 2394.63 12347.4
  s 171 149 1.71991 2394.63 12347.4
  s 194 195 1.21616 2394.63 12347.4
  s 172 195 1.21616 2394.63 12347.4
  s 171 195 1.71991 2394.63 12347.4
  s 194 172 1.71991 2394.63 12347.4
  s 217 218 1.21616 2394.63 12347.4
  s 195 218 1.21616 2394.63 12347.4
  s 194 218 1.71991 2394.63 12347.4
  s 217 195 1.71991 2394.63 12347.4
  s 240 241 1.21616 2394.63 12347.4
  s 218 241 1.21616 2394.63 12347.4
  s 217 241 1.71991 2394.63 12347.4
  s 240 218 1.71991 2394.63 12347.4
  s 263 264 1.21616 2394.63 12347.4
  s 241 264 1.21616 2394.63 12347.4
  s 240 264 1.71991 2394.63 12347.4
  s 263 241 1.71991 2394.63 12347.4
  s 286 287 1.21616 2394.63 12347.4
  s 264 287 1.21616 2394.63 12347.4
  s 263 287 1.71991 2394.63 12347.4
  s 286 264 1.71991 2394.63 12347.4
  s 309 310 1.21616 2394.63 12347.4
  s 287 310 1.21616 2394.63 12347.4
  s 286 310 1.71991 2394.63 12347.4
  s 309 287 1.71991 2394.63 12347.4
  s 332 333 1.21616 2394.63 12347.4
  s 310 333 1.21616 2394.63 12347.4
  s 309 333 1.71991 2394.63 12347.4
  s 332 310 1.71991 2394.63 12347.4
  s 333 356 1.21616 2394.63 12347.4
  s 332 356 1.71991 2394.63 12347.4
  s 355 333 1.71991 2394.63 12347.4
  s 34 35 1.21616 2394.63 12347.4
  s 12 35 1.21616 2394.63 12347.4
  s 11 35 1.71991 2394.63 12347.4
  s 34 12 1.71991 2394.63 12347.4
  s 57 58 1.21616 2394.63 12347.4
  s 35 58 1.21616 2394.63 12347.4
  s 34 58 1.71991 2394.63 12347.4
  s 57 35 1.71991 2394.63 12347.4
  s 80 81 1.21616 2394.63 12347.4
  s 58 81 1.21616 2394.63 12347.4
  s 57 81 1.71991 2394.63 12347.4
  s 80 58 1.71991 2394.63 12347.4
  s 103 104 1.21616 2394.63 12347.4
  s 81 104 1.21616 2394.63 12347.4
  s 80 104 1.71991 2394.63 12347.4
  s 103 81 1.71991 2394.63 12347.4
  s 126 127 1.21616 2394.63 12347.4
  s 104 127 1.21616 2394.63 12347.4
  s 103 127 1.71991 2394.63 12347.4
  s 126 104 1.71991 2394.63 12347.4
  s 149 150 1.21616 2394.63 12347.4
  s 127 150 1.21616 2394.63 12347.4
  s 126 150 1.71991 2394.63 12347.4
  s 149 127 1.71991 2394.63 12347.4
  s 172 173 1.21616 2394.63 12347.4
  s 150 173 1.21616 2394.63 12347.4
  s 149 173 1.71991 2394.63 12347.4
  s 172 150 1.71991 2394.63 12347.4
  s 195 196 1.21616 2394.63 12347.4
  s 173 196 1.21616 2394.63 12347.4
  s 172 196 1.71991 2394.63 12347.4
  s 195 173 1.71991 2394.63 12347.4
  s 218 219 1.21616 2394.63 12347.4
  s 196 219 1.21616 2394.63 12347.4
  s 195 219 1.71991 2394.63 12347.4
  s 218 196 1.71991 2394.63 12347.4
  s 241 242 1.21616 2394.63 12347.4
  s 219 242 1.21616 2394.63 12347.4
  s 218 242 1.71991 2394.63 12347.4
  s 241 219 1.71991 2394.63 12347.4
  s 264 265 1.21616 2394.63 12347.4
  s 242 265 1.21616 2394.63 12347.4
  s 241 265 1.71991 2394.63 12347.4
  s 264 242 1.71991 2394.63 12347.4
  s 287 288 1.21616 2394.63 12347.4
  s 265 288 1.21616 2394.63 12347.4
  s 264 288 1.71991 2394.63 12347.4
  s 287 265 1.71991 2394.63 12347.4
  s 310 311 1.21616 2394.63 12347.4
  s 288 311 1.21616 2394.63 12347.4
  s 287 311 1.71991 2394.63 12347.4
  s 310 288 1.71991 2394.63 12347.4
  s 333 334 1.21616 2394.63 12347.4
  s 311 334 1.21616 2394.63 12347.4
  s 310 334 1.71991 2394.63 12347.4
  s 333 311 1.71991 2394.63 12347.4
  s 334 357 1.21616 2394.63 12347.4
  s 333 357 1.71991 2394.63 12347.4
  s 356 334 1.71991 2394.63 12347.4
  s 35 36 1.21616 2394.63 12347.4
  s 13 36 1.21616 2394.63 12347.4
  s 12 36 1.71991 2394.63 12347.4
  s 35 13 1.71991 2394.63 12347.4
  s 58 59 1.21616 2394.63 12347.4
  s 36 59 1.21616 2394.63 12347.4
  s 35 59 1.71991 2394.63 12347.4
  s 58 36 1.71991 2394.63 12347.4
  s 81 82 1.21616 2394.63 12347.4
  s 59 82 1.21616 2394.63 12347.4
  s 58 82 1.71991 2394.63 12347.4
  s 81 59 1.71991 2394.63 12347.4
  s 104 105 1.21616 2394.63 12347.4
  s 82 105 1.21616 2394.63 12347.4
  s 81 105 1.71991 2394.63 12347.4
  s 104 82 1.71991 2394.63 12347.4
  s 127 128 1.21616 2394.63 12347.4
  s 105 128 1.21616 2394.63 12347.4
  s 104 128 1.71991 2394.63 12347.4
  s 127 105 1.71991 2394.63 12347.4
  s 150 151 1.21616 2394.63 12347.4
  s 128 151 1.21616 2394.63 12347.4
  s 127 151 1.71991 2394.63 12347.4
  s 150 128 1.71991 2394.63 12347.4
  s 173 174 1.21616 2394.63 12347.4
  s 151 174 1.21616 2394.63 12347.4
  s 150 174 1.71991 2394.63 12347.4
  s 173 151 1.71991 2394.63 12347.4
  s 196 197 1.21616 2394.63 12347.4
  s 174 197 1.21616 2394.63 12347.4
  s 173 197 1.71991 2394.63 12347.4
  s 196 174 1.71991 2394.63 12347.4
  s 219 220 1.21616 2394.63 12347.4
  s 197 220 1.21616 2394.63 12347.4
  s 196 220 1.71991 2394.63 12347.4
  s 219 197 1.71991 2394.63 12347.4
  s 242 243 1.21616 2394.63 12347.4
  s 220 243 1.21616 2394.63 12347.4
  s 219 243 1.71991 2394.63 12347.4
  s 242 220 1.71991 2394.63 12347.4
  s 265 266 1.21616 2394.63 12347.4
  s 243 266 1.21616 2394.63 12347.4
  s 242 266 1.71991 2394.63 12347.4
  s 265 243 1.71991 2394.63 12347.4
  s 288 289 1.21616 2394.63 12347.4
  s 266 289 1.21616 2394.63 12347.4
  s 265 289 1.71991 2394.63 12347.4
  s 288 266 1.71991 2394.63 12347.4
  s 311 312 1.21616 2394.63 12347.4
  s 289 312 1.21616 2394.63 12347.4
  s 288 312 1.71991 2394.63 12347.4
  s 311 289 1.71991 2394.63 12347.4
  s 334 335 1.21616 2394.63 12347.4
  s 312 335 1.21616 2394.63 12347.4
  s 311 335 1.71991 2394.63 12347.4
  s 334 312 1.71991 2394.63 12347.4
  s 335 358 1.21616 2394.63 12347.4
  s 334 358 1.71991 2394.63 12347.4
  s 357 335 1.71991 2394.63 12347.4
  s 36 37 1.21616 2394.63 12347.4
  s 14 37 1.21616 2394.63 12347.4
  s 13 37 1.71991 2394.63 12347.4
  s 36 14 1.71991 2394.63 12347.4
  s 59 60 1.21616 2394.63 12347.4
  s 37 60 1.21616 2394.63 12347.4
  s 36 60 1.71991 2394.63 12347.4
  s 59 37 1.71991 2394.63 12347.4
  s 82 83 1.21616 2394.63 12347.4
  s 60 83 1.21616 2394.63 12347.4
  s 59 83 1.71991 2394.63 12347.4
  s 82 60 1.71991 2394.63 12347.4
  s 105 106 1.21616 2394.63 12347.4
  s 83 106 1.21616 2394.63 12347.4
  s 82 106 1.71991 2394.63 12347.4
  s 105 83 1.71991 2394.63 12347.4
  s 128 129 1.21616 2394.63 12347.4
  s 106 129 1.21616 2394.63 12347.4
  s 105 129 1.71991 2394.63 12347.4
  s 128 106 1.71991 2394.63 12347.4
  s 151 152 1.21616 2394.63 12347.4
  s 129 152 1.21616 2394.63 12347.4
  s 128 152 1.71991 2394.63 12347.4
  s 151 129 1.71991 2394.63 12347.4
  s 174 175 1.21616 2394.63 12347.4
  s 152 175 1.21616 2394.63 12347.4
  s 151 175 1.71991 2394.63 12347.4
  s 174 152 1.71991 2394.63 12347.4
  s 197 198 1.21616 2394.63 12347.4
  s 175 198 1.21616 2394.63 12347.4
  s 174 198 1.71991 2394.63 12347.4
  s 197 175 1.71991 2394.63 12347.4
  s 220 221 1.21616 2394.63 12347.4
  s 198 221 1.21616 2394.63 12347.4
  s 197 221 1.71991 2394.63 12347.4
  s 220 198 1.71991 2394.63 12347.4
  s 243 244 1.21616 2394.63 12347.4
  s 221 244 1.21616 2394.63 12347.4
  s 220 244 1.71991 2394.63 12347.4
  s 243 221 1.71991 2394.63 12347.4
  s 266 267 1.21616 2394.63 12347.4
  s 244 267 1.21616 2394.63 12347.4
  s 243 267 1.71991 2394.63 12347.4
  s 266 244 1.71991 2394.63 12347.4
  s 289 290 1.21616 2394.63 12347.4
  s 267 290 1.21616 2394.63 12347.4
  s 266 290 1.71991 2394.63 12347.4
  s 289 267 1.71991 2394.63 12347.4
  s 312 313 1.21616 2394.63 12347.4
  s 290 313 1.21616 2394.63 12347.4
  s 289 313 1.71991 2394.63 12347.4
  s 312 290 1.71991 2394.63 12347.4
  s 335 336 1.21616 2394.63 12347.4
  s 313 336 1.21616 2394.63 12347.4
  s 312 336 1.71991 2394.63 12347.4
  s 335 313 1.71991 2394.63 12347.4
  s 336 359 1.21616 2394.63 12347.4
  s 335 359 1.71991 2394.63 12347.4
  s 358 336 1.71991 2394.63 12347.4
  s 37 38 1.21616 2394.63 12347.4
  s 15 38 1.21616 2394.63 12347.4
  s 14 38 1.71991 2394.63 12347.4
  s 37 15 1.71991 2394.63 12347.4
  s 60 61 1.21616 2394.63 12347.4
  s 38 61 1.21616 2394.63 12347.4
  s 37 61 1.71991 2394.63 12347.4
  s 60 38 1.71991 2394.63 12347.4
  s 83 84 1.21616 2394.63 12347.4
  s 61 84 1.21616 2394.63 12347.4
  s 60 84 1.71991 2394.63 12347.4
  s 83 61 1.71991 2394.63 12347.4
  s 106 107 1.21616 2394.63 12347.4
  s 84 107 1.21616 2394.63 12347.4
  s 83 107 1.71991 2394.63 12347.4
  s 106 84 1.71991 2394.63 12347.4
  s 129 130 1.21616 2394.63 12347.4
  s 107 130 1.21616 2394.63 12347.4
  s 106 130 1.71991 2394.63 12347.4
  s 129 107 1.71991 2394.63 12347.4
  s 152 153 1.21616 2394.63 12347.4
  s 130 153 1.21616 2394.63 12347.4
  s 129 153 1.71991 2394.63 12347.4
  s 152 130 1.71991 2394.63 12347.4
  s 175 176 1.21616 2394.63 12347.4
  s 153 176 1.21616 2394.63 12347.4
  s 152 176 1.71991 2394.63 12347.4
  s 175 153 1.71991 2394.63 12347.4
  s 198 199 1.21616 2394.63 12347.4
  s 176 199 1.21616 2394.63 12347.4
  s 175 199 1.71991 2394.63 12347.4
  s 198 176 1.71991 2394.63 12347.4
  s 221 222 1.21616 2394.63 12347.4
  s 199 222 1.21616 2394.63 12347.4
  s 198 222 1.71991 2394.63 12347.4
  s 221 199 1.71991 2394.63 12347.4
  s 244 245 1.21616 2394.63 12347.4
  s 222 245 1.21616 2394.63 12347.4
  s 221 245 1.71991 2394.63 12347.4
  s 244 222 1.71991 2394.63 12347.4
  s 267 268 1.21616 2394.63 12347.4
  s 245 268 1.21616 2394.63 12347.4
  s 244 268 1.71991 2394.63 12347.4
  s 267 245 1.71991 2394.63 12347.4
  s 290 291 1.21616 2394.63 12347.4
  s 268 291 1.21616 2394.63 12347.4
  s 267 291 1.71991 2394.63 12347.4
  s 290 268 1.71991 2394.63 12347.4
  s 313 314 1.21616 2394.63 12347.4
  s 291 314 1.21616 2394.63 12347.4
  s 290 314 1.71991 2394.63 12347.4
  s 313 291 1.71991 2394.63 12347.4
  s 336 337 1.21616 2394.63 12347.4
  s 314 337 1.21616 2394.63 12347.4
  s 313 337 1.71991 2394.63 12347.4
  s 336 314 1.71991 2394.63 12347.4
  s 337 360 1.21616 2394.63 12347.4
  s 336 360 1.71991 2394.63 12347.4
  s 359 337 1.71991 2394.63 12347.4
  s 38 39 1.21616 2394.63 12347.4
  s 16 39 1.21616 2394.63 12347.4
  s 15 39 1.71991 2394.63 12347.4
  s 38 16 1.71991 2394.63 12347.4
  s 61 62 1.21616 2394.63 12347.4
  s 39 62 1.21616 2394.63 12347.4
  s 38 62 1.71991 2394.63 12347.4
  s 61 39 1.71991 2394.63 12347.4
  s 84 85 1.21616 2394.63 12347.4
  s 62 85 1.21616 2394.63 12347.4
  s 61 85 1.71991 2394.63 12347.4
  s 84 62 1.71991 2394.63 12347.4
  s 107 108 1.21616 2394.63 12347.4
  s 85 108 1.21616 2394.63 12347.4
  s 84 108 1.71991 2394.63 12347.4
  s 107 85 1.71991 2394.63 12347.4
  s 130 131 1.21616 2394.63 12347.4
  s 108 131 1.21616 2394.63 12347.4
  s 107 131 1.71991 2394.63 12347.4
  s 130 108 1.71991 2394.63 12347.4
  s 153 154 1.21616 2394.63 12347.4
  s 131 154 1.21616 2394.63 12347.4
  s 130 154 1.71991 2394.63 12347.4
  s 153 131 1.71991 2394.63 12347.4
  s 176 177 1.21616 2394.63 12347.4
  s 154 177 1.21616 2394.63 12347.4
  s 153 177 1.71991 2394.63 12347.4
  s 176 154 1.71991 2394.63 12347.4
  s 199 200 1.21616 2394.63 12347.4
  s 177 200 1.21616 2394.63 12347.4
  s 176 200 1.71991 2394.63 12347.4
  s 199 177 1.71991 2394.63 12347.4
  s 222 223 1.21616 2394.63 12347.4
  s 200 223 1.21616 2394.63 12347.4
  s 199 223 1.71991 2394.63 12347.4
  s 222 200 1.71991 2394.63 12347.4
  s 245 246 1.21616 2394.63 12347.4
  s 223 246 1.21616 2394.63 12347.4
  s 222 246 1.71991 2394.63 12347.4
  s 245 223 1.71991 2394.63 12347.4
  s 268 269 1.21616 2394.63 12347.4
  s 246 269 1.21616 2394.63 12347.4
  s 245 269 1.71991 2394.63 12347.4
  s 268 246 1.71991 2394.63 12347.4
  s 291 292 1.21616 2394.63 12347.4
  s 269 292 1.21616 2394.63 12347.4
  s 268 292 1.71991 2394.63 12347.4
  s 291 269 1.71991 2394.63 12347.4
  s 314 315 1.21616 2394.63 12347.4
  s 292 315 1.21616 2394.63 12347.4
  s 291 315 1.71991 2394.63 12347.4
  s 314 292 1.71991 2394.63 12347.4
  s 337 338 1.21616 2394.63 12347.4
  s 315 338 1.21616 2394.63 12347.4
  s 314 338 1.71991 2394.63 12347.4
  s 337 315 1.71991 2394.63 12347.4
  s 338 361 1.21616 2394.63 12347.4
  s 337 361 1.71991 2394.63 12347.4
  s 360 338 1.71991 2394.63 12347.4
  s 39 40 1.21616 2394.63 12347.4
  s 17 40 1.21616 2394.63 12347.4
  s 16 40 1.71991 2394.63 12347.4
  s 39 17 1.71991 2394.63 12347.4
  s 62 63 1.21616 2394.63 12347.4
  s 40 63 1.21616 2394.63 12347.4
  s 39 63 1.71991 2394.63 12347.4
  s 62 40 1.71991 2394.63 12347.4
  s 85 86 1.21616 2394.63 12347.4
  s 63 86 1.21616 2394.63 12347.4
  s 62 86 1.71991 2394.63 12347.4
  s 85 63 1.71991 2394.63 12347.4
  s 108 109 1.21616 2394.63 12347.4
  s 86 109 1.21616 2394.63 12347.4
  s 85 109 1.71991 2394.63 12347.4
  s 108 86 1.71991 2394.63 12347.4
  s 131 132 1.21616 2394.63 12347.4
  s 109 132 1.21616 2394.63 12347.4
  s 108 132 1.71991 2394.63 12347.4
  s 131 109 1.71991 2394.63 12347.4
  s 154 155 1.21616 2394.63 12347.4
  s 132 155 1.21616 2394.63 12347.4
  s 131 155 1.71991 2394.63 12347.4
  s 154 132 1.71991 2394.63 12347.4
  s 177 178 1.21616 2394.63 12347.4
  s 155 178 1.21616 2394.63 12347.4
  s 154 178 1.71991 2394.63 12347.4
  s 177 155 1.71991 2394.63 12347.4
  s 200 201 1.21616 2394.63 12347.4
  s 178 201 1.21616 2394.63 12347.4
  s 177 201 1.71991 2394.63 12347.4
  s 200 178 1.71991 2394.63 12347.4
  s 223 224 1.21616 2394.63 12347.4
  s 201 224 1.21616 2394.63 12347.4
  s 200 224 1.71991 2394.63 12347.4
  s 223 201 1.71991 2394.63 12347.4
  s 246 247 1.21616 2394.63 12347.4
  s 224 247 1.21616 2394.63 12347.4
  s 223 247 1.71991 2394.63 12347.4
  s 246 224 1.71991 2394.63 12347.4
  s 269 270 1.21616 2394.63 12347.4
  s 247 270 1.21616 2394.63 12347.4
  s 246 270 1.71991 2394.63 12347.4
  s 269 247 1.71991 2394.63 12347.4
  s 292 293 1.21616 2394.63 12347.4
  s 270 293 1.21616 2394.63 12347.4
  s 269 293 1.71991 2394.63 12347.4
  s 292 270 1.71991 2394.63 12347.4
  s 315 316 1.21616 2394.63 12347.4
  s 293 316 1.21616 2394.63 12347.4
  s 292 316 1.71991 2394.63 12347.4
  s 315 293 1.71991 2394.63 12347.4
  s 338 339 1.21616 2394.63 12347.4
  s 316 339 1.21616 2394.63 12347.4
  s 315 339 1.71991 2394.63 12347.4
  s 338 316 1.71991 2394.63 12347.4
  s 339 362 1.21616 2394.63 12347.4
  s 338 362 1.71991 2394.63 12347.4
  s 361 339 1.71991 2394.63 12347.4
  s 40 41 1.21616 2394.63 12347.4
  s 18 41 1.21616 2394.63 12347.4
  s 17 41 1.71991 2394.63 12347.4
  s 40 18 1.71991 2394.63 12347.4
  s 63 64 1.21616 2394.63 12347.4
  s 41 64 1.21616 2394.63 12347.4
  s 40 64 1.71991 2394.63 12347.4
  s 63 41 1.71991 2394.63 12347.4
  s 86 87 1.21616 2394.63 12347.4
  s 64 87 1.21616 2394.63 12347.4
  s 63 87 1.71991 2394.63 12347.4
  s 86 64 1.71991 2394.63 12347.4
  s 109 110 1.21616 2394.63 12347.4
  s 87 110 1.21616 2394.63 12347.4
  s 86 110 1.71991 2394.63 12347.4
  s 109 87 1.71991 2394.63 12347.4
  s 132 133 1.21616 2394.63 12347.4
  s 110 133 1.21616 2394.63 12347.4
  s 109 133 1.71991 2394.63 12347.4
  s 132 110 1.71991 2394.63 12347.4
  s 155 156 1.21616 2394.63 12347.4
  s 133 156 1.21616 2394.63 12347.4
  s 132 156 1.71991 2394.63 12347.4
  s 155 133 1.71991 2394.63 12347.4
  s 178 179 1.21616 2394.63 12347.4
  s 156 179 1.21616 2394.63 12347.4
  s 155 179 1.71991 2394.63 12347.4
  s 178 156 1.71991 2394.63 12347.4
  s 201 202 1.21616 2394.63 12347.4
  s 179 202 1.21616 2394.63 12347.4
  s 178 202 1.71991 2394.63 12347.4
  s 201 179 1.71991 2394.63 12347.4
  s 224 225 1.21616 2394.63 12347.4
  s 202 225 1.21616 2394.63 12347.4
  s 201 225 1.71991 2394.63 12347.4
  s 224 202 1.71991 2394.63 12347.4
  s 247 248 1.21616 2394.63 12347.4
  s 225 248 1.21616 2394.63 12347.4
  s 224 248 1.71991 2394.63 12347.4
  s 247 225 1.71991 2394.63 12347.4
  s 270 271 1.21616 2394.63 12347.4
  s 248 271 1.21616 2394.63 12347.4
  s 247 271 1.71991 2394.63 12347.4
  s 270 248 1.71991 2394.63 12347.4
  s 293 294 1.21616 2394.63 12347.4
  s 271 294 1.21616 2394.63 12347.4
  s 270 294 1.71991 2394.63 12347.4
  s 293 271 1.71991 2394.63 12347.4
  s 316 317 1.21616 2394.63 12347.4
  s 294 317 1.21616 2394.63 12347.4
  s 293 317 1.71991 2394.63 12347.4
  s 316 294 1.71991 2394.63 12347.4
  s 339 340 1.21616 2394.63 12347.4
  s 317 340 1.21616 2394.63 12347.4
  s 316 340 1.71991 2394.63 12347.4
  s 339 317 1.71991 2394.63 12347.4
  s 340 363 1.21616 2394.63 12347.4
  s 339 363 1.71991 2394.63 12347.4
  s 362 340 1.71991 2394.63 12347.4
  s 41 42 1.21616 2394.63 12347.4
  s 19 42 1.21616 2394.63 12347.4
  s 18 42 1.71991 2394.63 12347.4
  s 41 19 1.71991 2394.63 12347.4
  s 64 65 1.21616 2394.63 12347.4
  s 42 65 1.21616 2394.63 12347.4
  s 41 65 1.71991 2394.63 12347.4
  s 64 42 1.71991 2394.63 12347.4
  s 87 88 1.21616 2394.63 12347.4
  s 65 88 1.21616 2394.63 12347.4
  s 64 88 1.71991 2394.63 12347.4
  s 87 65 1.71991 2394.63 12347.4
  s 110 111 1.21616 2394.63 12347.4
  s 88 111 1.21616 2394.63 12347.4
  s 87 111 1.71991 2394.63 12347.4
  s 110 88 1.71991 2394.63 12347.4
  s 133 134 1.21616 2394.63 12347.4
  s 111 134 1.21616 2394.63 12347.4
  s 110 134 1.71991 2394.63 12347.4
  s 133 111 1.71991 2394.63 12347.4
  s 156 157 1.21616 2394.63 12347.4
  s 134 157 1.21616 2394.63 12347.4
  s 133 157 1.71991 2394.63 12347.4
  s 156 134 1.71991 2394.63 12347.4
  s 179 180 1.21616 2394.63 12347.4
  s 157 180 1.21616 2394.63 12347.4
  s 156 180 1.71991 2394.63 12347.4
  s 179 157 1.71991 2394.63 12347.4
  s 202 203 1.21616 2394.63 12347.4
  s 180 203 1.21616 2394.63 12347.4
  s 179 203 1.71991 2394.63 12347.4
  s 202 180 1.71991 2394.63 12347.4
  s 225 226 1.21616 2394.63 12347.4
  s 203 226 1.21616 2394.63 12347.4
  s 202 226 1.71991 2394.63 12347.4
  s 225 203 1.71991 2394.63 12347.4
  s 248 249 1.21616 2394.63 12347.4
  s 226 249 1.21616 2394.63 12347.4
  s 225 249 1.71991 2394.63 12347.4
  s 248 226 1.71991 2394.63 12347.4
  s 271 272 1.21616 2394.63 12347.4
  s 249 272 1.21616 2394.63 12347.4
  s 248 272 1.71991 2394.63 12347.4
  s 271 249 1.71991 2394.63 12347.4
  s 294 295 1.21616 2394.63 12347.4
  s 272 295 1.21616 2394.63 12347.4
  s 271 295 1.71991 2394.63 12347.4
  s 294 272 1.71991 2394.63 12347.4
  s 317 318 1.21616 2394.63 12347.4
  s 295 318 1.21616 2394.63 12347.4
  s 294 318 1.71991 2394.63 12347.4
  s 317 295 1.71991 2394.63 12347.4
  s 340 341 1.21616 2394.63 12347.4
  s 318 341 1.21616 2394.63 12347.4
  s 317 341 1.71991 2394.63 12347.4
  s 340 318 1.71991 2394.63 12347.4
  s 341 364 1.21616 2394.63 12347.4
  s 340 364 1.71991 2394.63 12347.4
  s 363 341 1.71991 2394.63 12347.4
  s 42 43 1.21616 2394.63 12347.4
  s 20 43 1.21616 2394.63 12347.4
  s 19 43 1.71991 2394.63 12347.4
  s 42 20 1.71991 2394.63 12347.4
  s 65 66 1.21616 2394.63 12347.4
  s 43 66 1.21616 2394.63 12347.4
  s 42 66 1.71991 2394.63 12347.4
  s 65 43 1.71991 2394.63 12347.4
  s 88 89 1.21616 2394.63 12347.4
  s 66 89 1.21616 2394.63 12347.4
  s 65 89 1.71991 2394.63 12347.4
  s 88 66 1.71991 2394.63 12347.4
  s 111 112 1.21616 2394.63 12347.4
  s 89 112 1.21616 2394.63 12347.4
  s 88 112 1.71991 2394.63 12347.4
  s 111 89 1.71991 2394.63 12347.4
  s 134 135 1.21616 2394.63 12347.4
  s 112 135 1.21616 2394.63 12347.4
  s 111 135 1.71991 2394.63 12347.4
  s 134 112 1.71991 2394.63 12347.4
  s 157 158 1.21616 2394.63 12347.4
  s 135 158 1.21616 2394.63 12347.4
  s 134 158 1.71991 2394.63 12347.4
  s 157 135 1.71991 2394.63 12347.4
  s 180 181 1.21616 2394.63 12347.4
  s 158 181 1.21616 2394.63 12347.4
  s 157 181 1.71991 2394.63 12347.4
  s 180 158 1.71991 2394.63 12347.4
  s 203 204 1.21616 2394.63 12347.4
  s 181 204 1.21616 2394.63 12347.4
  s 180 204 1.71991 2394.63 12347.4
  s 203 181 1.71991 2394.63 12347.4
  s 226 227 1.21616 2394.63 12347.4
  s 204 227 1.21616 2394.63 12347.4
  s 203 227 1.71991 2394.63 12347.4
  s 226 204 1.71991 2394.63 12347.4
  s 249 250 1.21616 2394.63 12347.4
  s 227 250 1.21616 2394.63 12347.4
  s 226 250 1.71991 2394.63 12347.4
  s 249 227 1.71991 2394.63 12347.4
  s 272 273 1.21616 2394.63 12347.4
  s 250 273 1.21616 2394.63 12347.4
  s 249 273 1.71991 2394.63 12347.4
  s 272 250 1.71991 2394.63 12347.4
  s 295 296 1.21616 2394.63 12347.4
  s 273 296 1.21616 2394.63 12347.4
  s 272 296 1.71991 2394.63 12347.4
  s 295 273 1.71991 2394.63 12347.4
  s 318 319 1.21616 2394.63 12347.4
  s 296 319 1.21616 2394.63 12347.4
  s 295 319 1.71991 2394.63 12347.4
  s 318 296 1.71991 2394.63 12347.4
  s 341 342 1.21616 2394.63 12347.4
  s 319 342 1.21616 2394.63 12347.4
  s 318 342 1.71991 2394.63 12347.4
  s 341 319 1.71991 2394.63 12347.4
  s 342 365 1.21616 2394.63 12347.4
  s 341 365 1.71991 2394.63 12347.4
  s 364 342 1.71991 2394.63 12347.4
  s 43 44 1.21616 2394.63 12347.4
  s 21 44 1.21616 2394.63 12347.4
  s 20 44 1.71991 2394.63 12347.4
  s 43 21 1.71991 2394.63 12347.4
  s 66 67 1.21616 2394.63 12347.4
  s 44 67 1.21616 2394.63 12347.4
  s 43 67 1.71991 2394.63 12347.4
  s 66 44 1.71991 2394.63 12347.4
  s 89 90 1.21616 2394.63 12347.4
  s 67 90 1.21616 2394.63 12347.4
  s 66 90 1.71991 2394.63 12347.4
  s 89 67 1.71991 2394.63 12347.4
  s 112 113 1.21616 2394.63 12347.4
  s 90 113 1.21616 2394.63 12347.4
  s 89 113 1.71991 2394.63 12347.4
  s 112 90 1.71991 2394.63 12347.4
  s 135 136 1.21616 2394.63 12347.4
  s 113 136 1.21616 2394.63 12347.4
  s 112 136 1.71991 2394.63 12347.4
  s 135 113 1.71991 2394.63 12347.4
  s 158 159 1.21616 2394.63 12347.4
  s 136 159 1.21616 2394.63 12347.4
  s 135 159 1.71991 2394.63 12347.4
  s 158 136 1.71991 2394.63 12347.4
  s 181 182 1.21616 2394.63 12347.4
  s 159 182 1.21616 2394.63 12347.4
  s 158 182 1.71991 2394.63 12347.4
  s 181 159 1.71991 2394.63 12347.4
  s 204 205 1.21616 2394.63 12347.4
  s 182 205 1.21616 2394.63 12347.4
  s 181 205 1.71991 2394.63 12347.4
  s 204 182 1.71991 2394.63 12347.4
  s 227 228 1.21616 2394.63 12347.4
  s 205 228 1.21616 2394.63 12347.4
  s 204 228 1.71991 2394.63 12347.4
  s 227 205 1.71991 2394.63 12347.4
  s 250 251 1.21616 2394.63 12347.4
  s 228 251 1.21616 2394.63 12347.4
  s 227 251 1.71991 2394.63 12347.4
  s 250 228 1.71991 2394.63 12347.4
  s 273 274 1.21616 2394.63 12347.4
  s 251 274 1.21616 2394.63 12347.4
  s 250 274 1.71991 2394.63 12347.4
  s 273 251 1.71991 2394.63 12347.4
  s 296 297 1.21616 2394.63 12347.4
  s 274 297 1.21616 2394.63 12347.4
  s 273 297 1.71991 2394.63 12347.4
  s 296 274 1.71991 2394.63 12347.4
  s 319 320 1.21616 2394.63 12347.4
  s 297 320 1.21616 2394.63 12347.4
  s 296 320 1.71991 2394.63 12347.4
  s 319 297 1.71991 2394.63 12347.4
  s 342 343 1.21616 2394.63 12347.4
  s 320 343 1.21616 2394.63 12347.4
  s 319 343 1.71991 2394.63 12347.4
  s 342 320 1.71991 2394.63 12347.4
  s 343 366 1.21616 2394.63 12347.4
  s 342 366 1.71991 2394.63 12347.4
  s 365 343 1.71991 2394.63 12347.4
  s 44 45 1.21616 2394.63 12347.4
  s 21 45 1.71991 2394.63 12347.4
  s 44 22 1.71991 2394.63 12347.4
  s 67 68 1.21616 2394.63 12347.4
  s 44 68 1.71991 2394.63 12347.4
  s 67 45 1.71991 2394.63 12347.4
  s 90 91 1.21616 2394.63 12347.4
  s 67 91 1.71991 2394.63 12347.4
  s 90 68 1.71991 2394.63 12347.4
  s 113 114 1.21616 2394.63 12347.4
  s 90 114 1.71991 2394.63 12347.4
  s 113 91 1.71991 2394.63 12347.4
  s 136 137 1.21616 2394.63 12347.4
  s 113 137 1.71991 2394.63 12347.4
  s 136 114 1.71991 2394.63 12347.4
  s 159 160 1.21616 2394.63 12347.4
  s 136 160 1.71991 2394.63 12347.4
  s 159 137 1.71991 2394.63 12347.4
  s 182 183 1.21616 2394.63 12347.4
  s 159 183 1.71991 2394.63 12347.4
  s 182 160 1.71991 2394.63 12347.4
  s 205 206 1.21616 2394.63 12347.4
  s 182 206 1.71991 2394.63 12347.4
  s 205 183 1.71991 2394.63 12347.4
  s 228 229 1.21616 2394.63 12347.4
  s 205 229 1.71991 2394.63 12347.4
  s 228 206 1.71991 2394.63 12347.4
  s 251 252 1.21616 2394.63 12347.4
  s 228 252 1.71991 2394.63 12347.4
  s 251 229 1.71991 2394.63 12347.4
  s 274 275 1.21616 2394.63 12347.4
  s 251 275 1.71991 2394.63 12347.4
  s 274 252 1.71991 2394.63 12347.4
  s 297 298 1.21616 2394.63 12347.4
  s 274 298 1.71991 2394.63 12347.4
  s 297 275 1.71991 2394.63 12347.4
  s 320 321 1.21616 2394.63 12347.4
  s 297 321 1.71991 2394.63 12347.4
  s 320 298 1.71991 2394.63 12347.4
  s 343 344 1.21616 2394.63 12347.4
  s 320 344 1.71991 2394.63 12347.4
  s 343 321 1.71991 2394.63 12347.4
  s 343 367 1.71991 2394.63 12347.4
  s 366 344 1.71991 2394.63 12347.4
  a -13.3778 -9.12122
  a -12.1616 -9.12122
  a -10.9455 -9.12122
  a -9.7293 -9.12122
  a -8.51314 -9.12122
  a -7.29698 -9.12122
  a -6.08081 -9.12122
  a -4.86465 -9.12122
  a -3.64849 -9.12122
  a -2.43233 -9.12122
  a -1.21616 -9.12122
  a 2.68221e-07 -9.12122
  a 1.21616 -9.12122
  a 2.43233 -9.12122
  a 3.64849 -9.12122
  a 4.86465 -9.12122
  a 6.08081 -9.12122
  a 7.29698 -9.12122
  a 8.51314 -9.12122
  a 9.7293 -9.12122
  a 10.9455 -9.12122
  a 12.1616 -9.12122
  a 13.3778 -9.12122
  a -13.3778 -7.90506
  a -12.1616 -7.90506
  a -10.9455 -7.90506
  a -9.7293 -7.90506
  a -8.51314 -7.90506
  a -7.29698 -7.90506
  a -6.08081 -7.90506
  a -4.86465 -7.90506
  a -3.64849 -7.90506
  a -2.43233 -7.90506
  a -1.21616 -7.90506
  a 2.68221e-07 -7.90506
  a 1.21616 -7.90506
  a 2.43233 -7.90506
  a 3.64849 -7.90506
  a 4.86465 -7.90506
  a 6.08081 -7.90506
  a 7.29698 -7.90506
  a 8.51314 -7.90506
  a 9.7293 -7.90506
  a 10.9455 -7.90506
  a 12.1616 -7.90506
  a 13.3778 -7.90506
  a -13.3778 -6.6889
  a -12.1616 -6.6889
  a -10.9455 -6.6889
  a -9.7293 -6.6889
  a -8.51314 -6.6889
  a -7.29698 -6.6889
  a -6.08081 -6.6889
  a -4.86465 -6.6889
  a -3.64849 -6.6889
  a -2.43233 -6.6889
  a -1.21616 -6.6889
  a 2.68221e-07 -6.6889
  a 1.21616 -6.6889
  a 2.43233 -6.6889
  a 3.64849 -6.6889
  a 4.86465 -6.6889
  a 6.08081 -6.6889
  a 7.29698 -6.6889
  a 8.51314 -6.6889
  a 9.7293 -6.6889
  a 10.9455 -6.6889
  a 12.1616 -6.6889
  a 13.3778 -6.6889
  a -13.3778 -5.47273
  a -12.1616 -5.47273
  a -10.9455 -5.47273
  a -9.7293 -5.47273
  a -8.51314 -5.47273
  a -7.29698 -5.47273
  a -6.08081 -5.47273
  a -4.86465 -5.47273
  a -3.64849 -5.47273
  a -2.43233 -5.47273
  a -1.21616 -5.47273
  a 2.68221e-07 -5.47273
  a 1.21616 -5.47273
  a 2.43233 -5.47273
  a 3.64849 -5.47273
  a 4.86465 -5.47273
  a 6.08081 -5.47273
  a 7.29698 -5.47273
  a 8.51314 -5.47273
  a 9.7293 -5.47273
  a 10.9455 -5.47273
  a 12.1616 -5.47273
  a 13.3778 -5.47273
  a -13.3778 -4.25657
  a -12.1616 -4.25657
  a -10.9455 -4.25657
  a -9.7293 -4.25657
  a -8.51314 -4.25657
  a -7.29698 -4.25657
  a -6.08081 -4.25657
  a -4.86465 -4.25657
  a -3.64849 -4.25657
  a -2.43233 -4.25657
  a -1.21616 -4.25657
  a 2.68221e-07 -4.25657
  a 1.21616 -4.25657
  a 2.43233 -4.25657
  a 3.64849 -4.25657
  a 4.86465 -4.25657
  a 6.08081 -4.25657
  a 7.29698 -4.25657
  a 8.51314 -4.25657
  a 9.7293 -4.25657
  a 10.9455 -4.25657
  a 12.1616 -4.25657
  a 13.3778 -4.25657
  a -13.3778 -3.04041
  a -12.1616 -3.04041
  a -10.9455 -3.04041
  a -9.7293 -3.04041
  a -8.51314 -3.04041
  a -7.29698 -3.04041
  a -6.08081 -3.04041
  a -4.86465 -3.04041
  a -3.64849 -3.04041
  a -2.43233 -3.04041
  a -1.21616 -3.04041
  a 2.68221e-07 -3.04041
  a 1.21616 -3.04041
  a 2.43233 -3.04041
  a 3.64849 -3.04041
  a 4.86465 -3.04041
  a 6.08081 -3.04041
  a 7.29698 -3.04041
  a 8.51314 -3.04041
  a 9.7293 -3.04041
  a 10.9455 -3.04041
  a 12.1616 -3.04041
  a 13.3778 -3.04041
  a -13.3778 -1.82425
  a -12.1616 -1.82425
  a -10.9455 -1.82425
  a -9.7293 -1.82425
  a -8.51314 -1.82425
  a -7.29698 -1.82425
  a -6.08081 -1.82425
  a -4.86465 -1.82425
  a -3.64849 -1.82425
  a -2.43233 -1.82425
  a -1.21616 -1.82425
  a 2.68221e-07 -1.82425
  a 1.21616 -1.82425
  a 2.43233 -1.82425
  a 3.64849 -1.82425
  a 4.86465 -1.82425
  a 6.08081 -1.82425
  a 7.29698 -1.82425
  a 8.51314 -1.82425
  a 9.7293 -1.82425
  a 10.9455 -1.82425
  a 12.1616 -1.82425
  a 13.3778 -1.82425
  a -13.3778 -0.608083
  a -12.1616 -0.608083
  a -10.9455 -0.608083
  a -9.7293 -0.608083
  a -8.51314 -0.608083
  a -7.29698 -0.608083
  a -6.08081 -0.608083
  a -4.86465 -0.608083
  a -3.64849 -0.608083
  a -2.43233 -0.608083
  a -1.21616 -0.608083
  a 2.68221e-07 -0.608083
  a 1.21616 -0.608083
  a 2.43233 -0.608083
  a 3.64849 -0.608083
  a 4.86465 -0.608083
  a 6.08081 -0.608083
  a 7.29698 -0.608083
  a 8.51314 -0.608083
  a 9.7293 -0.608083
  a 10.9455 -0.608083
  a 12.1616 -0.608083
  a 13.3778 -0.608083
  a -13.3778 0.608079
  a -12.1616 0.608079
  a -10.9455 0.608079
  a -9.7293 0.608079
  a -8.51314 0.608079
  a -7.29698 0.608079
  a -6.08081 0.608079
  a -4.86465 0.608079
  a -3.64849 0.608079
  a -2.43233 0.608079
  a -1.21616 0.608079
  a 2.68221e-07 0.608079
  a 1.21616 0.608079
  a 2.43233 0.608079
  a 3.64849 0.608079
  a 4.86465 0.608079
  a 6.08081 0.608079
  a 7.29698 0.608079
  a 8.51314 0.608079
  a 9.7293 0.608079
  a 10.9455 0.608079
  a 12.1616 0.608079
  a 13.3778 0.608079
  a -13.3778 1.82424
  a -12.1616 1.82424
  a -10.9455 1.82424
  a -9.7293 1.82424
  a -8.51314 1.82424
  a -7.29698 1.82424
  a -6.08081 1.82424
  a -4.86465 1.82424
  a -3.64849 1.82424
  a -2.43233 1.82424
  a -1.21616 1.82424
  a 2.68221e-07 1.82424
  a 1.21616 1.82424
  a 2.43233 1.82424
  a 3.64849 1.82424
  a 4.86465 1.82424
  a 6.08081 1.82424
  a 7.29698 1.82424
  a 8.51314 1.82424
  a 9.7293 1.82424
  a 10.9455 1.82424
  a 12.1616 1.82424
  a 13.3778 1.82424
  a -13.3778 3.0404
  a -12.1616 3.0404
  a -10.9455 3.0404
  a -9.7293 3.0404
  a -8.51314 3.0404
  a -7.29698 3.0404
  a -6.08081 3.0404
  a -4.86465 3.0404
  a -3.64849 3.0404
  a -2.43233 3.0404
  a -1.21616 3.0404
  a 2.68221e-07 3.0404
  a 1.21616 3.0404
  a 2.43233 3.0404
  a 3.64849 3.0404
  a 4.86465 3.0404
  a 6.08081 3.0404
  a 7.29698 3.0404
  a 8.51314 3.0404
  a 9.7293 3.0404
  a 10.9455 3.0404
  a 12.1616 3.0404
  a 13.3778 3.0404
  a -13.3778 4.25657
  a -12.1616 4.25657
  a -10.9455 4.25657
  a -9.7293 4.25657
  a -8.51314 4.25657
  a -7.29698 4.25657
  a -6.08081 4.25657
  a -4.86465 4.25657
  a -3.64849 4.25657
  a -2.43233 4.25657
  a -1.21616 4.25657
  a 2.68221e-07 4.25657
  a 1.21616 4.25657
  a 2.43233 4.25657
  a 3.64849 4.25657
  a 4.86465 4.25657
  a 6.08081 4.25657
  a 7.29698 4.25657
  a 8.51314 4.25657
  a 9.7293 4.25657
  a 10.9455 4.25657
  a 12.1616 4.25657
  a 13.3778 4.25657
  a -13.3778 5.47273
  a -12.1616 5.47273
  a -10.9455 5.47273
  a -9.7293 5.47273
  a -8.51314 5.47273
  a -7.29698 5.47273
  a -6.08081 5.47273
  a -4.86465 5.47273
  a -3.64849 5.47273
  a -2.43233 5.47273
  a -1.21616 5.47273
  a 2.68221e-07 5.47273
  a 1.21616 5.47273
  a 2.43233 5.47273
  a 3.64849 5.47273
  a 4.86465 5.47273
  a 6.08081 5.47273
  a 7.29698 5.47273
  a 8.51314 5.47273
  a 9.7293 5.47273
  a 10.9455 5.47273
  a 12.1616 5.47273
  a 13.3778 5.47273
  a -13.3778 6.68889
  a -12.1616 6.68889
  a -10.9455 6.68889
  a -9.7293 6.68889
  a -8.51314 6.68889
  a -7.29698 6.68889
  a -6.08081 6.68889
  a -4.86465 6.68889
  a -3.64849 6.68889
  a -2.43233 6.68889
  a -1.21616 6.68889
  a 2.68221e-07 6.68889
  a 1.21616 6.68889
  a 2.43233 6.68889
  a 3.64849 6.68889
  a 4.86465 6.68889
  a 6.08081 6.68889
  a 7.29698 6.68889
  a 8.51314 6.68889
  a 9.7293 6.68889
  a 10.9455 6.68889
  a 12.1616 6.68889
  a 13.3778 6.68889
  a -13.3778 7.90506
  a -12.1616 7.90506
  a -10.9455 7.90506
  a -9.7293 7.90506
  a -8.51314 7.90506
  a -7.29698 7.90506
  a -6.08081 7.90506
  a -4.86465 7.90506
  a -3.64849 7.90506
  a -2.43233 7.90506
  a -1.21616 7.90506
  a 2.68221e-07 7.90506
  a 1.21616 7.90506
  a 2.43233 7.90506
  a 3.64849 7.90506
  a 4.86465 7.90506
  a 6.08081 7.90506
  a 7.29698 7.90506
  a 8.51314 7.90506
  a 9.7293 7.90506
  a 10.9455 7.90506
  a 12.1616 7.90506
  a 13.3778 7.90506
  a -13.3778 9.12122
  a -12.1616 9.12122
  a -10.9455 9.12122
  a -9.7293 9.12122
  a -8.51314 9.12122
  a -7.29698 9.12122
  a -6.08081 9.12122
  a -4.86465 9.12122
  a -3.64849 9.12122
  a -2.43233 9.12122
  a -1.21616 9.12122
  a 2.68221e-07 9.12122
  a 1.21616 9.12122
  a 2.43233 9.12122
  a 3.64849 9.12122
  a 4.86465 9.12122
  a 6.08081 9.12122
  a 7.29698 9.12122
  a 8.51314 9.12122
  a 9.7293 9.12122
  a 10.9455 9.12122
  a 12.1616 9.12122
  a 13.3778 9.12122
  o 0.296413 1.15779 -0.00659086 0
  t 255 255 255
shp 66 30 185
  p 13.5637 -7.63288 4.7293 0
  p 15.3294 -7.59465 4.7293 0
  p 17.0951 -7.57663 4.7293 0
  p 18.8608 -7.57779 4.7293 0
  p 20.6265 -7.59883 4.7293 0
  p 22.3921 -7.6415 4.7293 0
  p 13.5944 -5.86621 4.7293 0
  p 15.3522 -5.83315 4.7293 0
  p 17.1123 -5.81604 4.7293 0
  p 18.8731 -5.81739 4.7293 0
  p 20.6339 -5.83797 4.7293 0
  p 22.3921 -5.87534 4.7293 0
  p 13.6251 -4.10013 4.7293 0
  p 15.3768 -4.06916 4.7293 0
  p 17.1301 -4.05365 4.7293 0
  p 18.8845 -4.05509 4.7293 0
  p 20.6385 -4.07377 4.7293 0
  p 22.3921 -4.10972 4.7293 0
  p 13.654 -2.33461 4.7293 0
  p 15.4 -2.3041 4.7293 0
  p 17.147 -2.28916 4.7293 0
  p 18.8948 -2.29046 4.7293 0
  p 20.643 -2.30866 4.7293 0
  p 22.3921 -2.34449 4.7293 0
  p 13.6798 -0.569609 4.7293 0
  p 15.4206 -0.538713 4.7293 0
  p 17.1621 -0.523348 4.7293 0
  p 18.9043 -0.524374 4.7293 0
  p 20.6471 -0.542817 4.7293 0
  p 22.3921 -0.579678 4.7293 0
  p 13.7017 1.1949 4.7293 0
  p 15.4376 1.22634 4.7293 0
  p 17.1744 1.24283 4.7293 0
  p 18.9119 1.2425 4.7293 0
  p 20.6505 1.22358 4.7293 0
  p 22.3921 1.18471 4.7293 0
  p 13.7191 2.95892 4.7293 0
  p 15.4494 2.99036 4.7293 0
  p 17.1824 3.00843 4.7293 0
  p 18.9166 3.0095 4.7293 0
  p 20.6526 2.98999 4.7293 0
  p 22.3921 2.94865 4.7293 0
  p 13.7284 4.72248 4.7293 0
  p 15.4533 4.75189 4.7293 0
  p 17.1827 4.7725 4.7293 0
  p 18.9161 4.77516 4.7293 0
  p 20.653 4.75488 4.7293 0
  p 22.3921 4.71212 4.7293 0
  p 13.7327 6.48553 4.7293 0
  p 15.444 6.51206 4.7293 0
  p 17.1683 6.53293 4.7293 0
  p 18.9093 6.5342 4.7293 0
  p 20.652 6.5158 4.7293 0
  p 22.3921 6.47514 4.7293 0
  p 13.7166 8.24796 4.7293 0
  p 15.4007 8.27553 4.7293 0
  p 17.1385 8.27811 4.7293 0
  p 18.8925 8.27642 4.7293 0
  p 20.6505 8.26948 4.7293 0
  p 22.3921 8.23774 4.7293 0
  p 13.5625 10 4.7293 0
  p 15.33 10 4.7293 0
  p 17.0964 10 4.7293 0
  p 18.8625 10 4.7293 0
  p 20.6283 10 4.7293 0
  p 22.3921 10 4.7293 0
  c 0 1 1.76673
  c 1 2 1.76673
  c 2 3 1.76673
  c 3 4 1.76673
  c 4 5 1.76673
  c 5 11 1.76673
  c 11 17 1.76673
  c 17 23 1.76673
  c 23 29 1.76673
  c 29 35 1.76673
  c 35 41 1.76673
  c 41 47 1.76673
  c 47 53 1.76673
  c 53 59 1.76673
  c 59 65 1.76673
  c 65 64 1.76673
  c 64 63 1.76673
  c 63 62 1.76673
  c 62 61 1.76673
  c 61 60 1.76673
  c 60 54 1.76673
  c 54 48 1.76673
  c 48 42 1.76673
  c 42 36 1.76673
  c 36 30 1.76673
  c 30 24 1.76673
  c 24 18 1.76673
  c 18 12 1.76673
  c 12 6 1.76673
  c 6 0 1.76673
  s 6 7 1.76673 1756.58 9057.39
  s 1 7 1.76673 1756.58 9057.39
  s 0 7 2.49854 1756.58 9057.39
  s 6 1 2.49854 1756.58 9057.39
  s 12 13 1.76673 1756.58 9057.39
  s 7 13 1.76673 1756.58 9057.39
  s 6 13 2.49854 1756.58 9057.39
  s 12 7 2.49854 1756.58 9057.39
  s 18 19 1.76673 1756.58 9057.39
  s 13 19 1.76673 1756.58 9057.39
  s 12 19 2.49854 1756.58 9057.39
  s 18 13 2.49854 1756.58 9057.39
  s 24 25 1.76673 1756.58 9057.39
  s 19 25 1.76673 1756.58 9057.39
  s 18 25 2.49854 1756.58 9057.39
  s 24 19 2.49854 1756.58 9057.39
  s 30 31 1.76673 1756.58 9057.39
  s 25 31 1.76673 1756.58 9057.39
  s 24 31 2.49854 1756.58 9057.39
  s 30 25 2.49854 1756.58 9057.39
  s 36 37 1.76673 1756.58 9057.39
  s 31 37 1.76673 1756.58 9057.39
  s 30 37 2.49854 1756.58 9057.39
  s 36 31 2.49854 1756.58 9057.39
  s 42 43 1.76673 1756.58 9057.39
  s 37 43 1.76673 1756.58 9057.39
  s 36 43 2.49854 1756.58 9057.39
  s 42 37 2.49854 1756.58 9057.39
  s 48 49 1.76673 1756.58 9057.39
  s 43 49 1.76673 1756.58 9057.39
  s 42 49 2.49854 1756.58 9057.39
  s 48 43 2.49854 1756.58 9057.39
  s 54 55 1.76673 1756.58 9057.39
  s 49 55 1.76673 1756.58 9057.39
  s 48 55 2.49854 1756.58 9057.39
  s 54 49 2.49854 1756.58 9057.39
  s 55 61 1.76673 1756.58 9057.39
  s 54 61 2.49854 1756.58 9057.39
  s 60 55 2.49854 1756.58 9057.39
  s 7 8 1.76673 1756.58 9057.39
  s 2 8 1.76673 1756.58 9057.39
  s 1 8 2.49854 1756.58 9057.39
  s 7 2 2.49854 1756.58 9057.39
  s 13 14 1.76673 1756.58 9057.39
  s 8 14 1.76673 1756.58 9057.39
  s 7 14 2.49854 1756.58 9057.39
  s 13 8 2.49854 1756.58 9057.39
  s 19 20 1.76673 1756.58 9057.39
  s 14 20 1.76673 1756.58 9057.39
  s 13 20 2.49854 1756.58 9057.39
  s 19 14 2.49854 1756.58 9057.39
  s 25 26 1.76673 1756.58 9057.39
  s 20 26 1.76673 1756.58 9057.39
  s 19 26 2.49854 1756.58 9057.39
  s 25 20 2.49854 1756.58 9057.39
  s 31 32 1.76673 1756.58 9057.39
  s 26 32 1.76673 1756.58 9057.39
  s 25 32 2.49854 1756.58 9057.39
  s 31 26 2.49854 1756.58 9057.39
  s 37 38 1.76673 1756.58 9057.39
  s 32 38 1.76673 1756.58 9057.39
  s 31 38 2.49854 1756.58 9057.39
  s 37 32 2.49854 1756.58 9057.39
  s 43 44 1.76673 1756.58 9057.39
  s 38 44 1.76673 1756.58 9057.39
  s 37 44 2.49854 1756.58 9057.39
  s 43 38 2.49854 1756.58 9057.39
  s 49 50 1.76673 1756.58 9057.39
  s 44 50 1.76673 1756.58 9057.39
  s 43 50 2.49854 1756.58 9057.39
  s 49 44 2.49854 1756.58 9057.39
  s 55 56 1.76673 1756.58 9057.39
  s 50 56 1.76673 1756.58 9057.39
  s 49 56 2.49854 1756.58 9057.39
  s 55 50 2.49854 1756.58 9057.39
  s 56 62 1.76673 1756.58 9057.39
  s 55 62 2.49854 1756.58 9057.39
  s 61 56 2.49854 1756.58 9057.39
  s 8 9 1.76673 1756.58 9057.39
  s 3 9 1.76673 1756.58 9057.39
  s 2 9 2.49854 1756.58 9057.39
  s 8 3 2.49854 1756.58 9057.39
  s 14 15 1.76673 1756.58 9057.39
  s 9 15 1.76673 1756.58 9057.39
  s 8 15 2.49854 1756.58 9057.39
  s 14 9 2.49854 1756.58 9057.39
  s 20 21 1.76673 1756.58 9057.39
  s 15 21 1.76673 1756.58 9057.39
  s 14 21 2.49854 1756.58 9057.39
  s 20 15 2.49854 1756.58 9057.39
  s 26 27 1.76673 1756.58 9057.39
  s 21 27 1.76673 1756.58 9057.39
  s 20 27 2.49854 1756.58 9057.39
  s 26 21 2.49854 1756.58 9057.39
  s 32 33 1.76673 1756.58 9057.39
  s 27 33 1.76673 1756.58 9057.39
  s 26 33 2.49854 1756.58 9057.39
  s 32 27 2.49854 1756.58 9057.39
  s 38 39 1.76673 1756.58 9057.39
  s 33 39 1.76673 1756.58 9057.39
  s 32 39 2.49854 1756.58 9057.39
  s 38 33 2.49854 1756.58 9057.39
  s 44 45 1.76673 1756.58 9057.39
  s 39 45 1.76673 1756.58 9057.39
  s 38 45 2.49854 1756.58 9057.39
  s 44 39 2.49854 1756.58 9057.39
  s 50 51 1.76673 1756.58 9057.39
  s 45 51 1.76673 1756.58 9057.39
  s 44 51 2.49854 1756.58 9057.39
  s 50 45 2.49854 1756.58 9057.39
  s 56 57 1.76673 1756.58 9057.39
  s 51 57 1.76673 1756.58 9057.39
  s 50 57 2.49854 1756.58 9057.39
  s 56 51 2.49854 1756.58 9057.39
  s 57 63 1.76673 1756.58 9057.39
  s 56 63 2.49854 1756.58 9057.39
  s 62 57 2.49854 1756.58 9057.39
  s 9 10 1.76673 1756.58 9057.39
  s 4 10 1.76673 1756.58 9057.39
  s 3 10 2.49854 1756.58 9057.39
  s 9 4 2.49854 1756.58 9057.39
  s 15 16 1.76673 1756.58 9057.39
  s 10 16 1.76673 1756.58 9057.39
  s 9 16 2.49854 1756.58 9057.39
  s 15 10 2.49854 1756.58 9057.39
  s 21 22 1.76673 1756.58 9057.39
  s 16 22 1.76673 1756.58 9057.39
  s 15 22 2.49854 1756.58 9057.39
  s 21 16 2.49854 1756.58 9057.39
  s 27 28 1.76673 1756.58 9057.39
  s 22 28 1.76673 1756.58 9057.39
  s 21 28 2.49854 1756.58 9057.39
  s 27 22 2.49854 1756.58 9057.39
  s 33 34 1.76673 1756.58 9057.39
  s 28 34 1.76673 1756.58 9057.39
  s 27 34 2.49854 1756.58 9057.39
  s 33 28 2.49854 1756.58 9057.39
  s 39 40 1.76673 1756.58 9057.39
  s 34 40 1.76673 1756.58 9057.39
  s 33 40 2.49854 1756.58 9057.39
  s 39 34 2.49854 1756.58 9057.39
  s 45 46 1.76673 1756.58 9057.39
  s 40 46 1.76673 1756.58 9057.39
  s 39 46 2.49854 1756.58 9057.39
  s 45 40 2.49854 1756.58 9057.39
  s 51 52 1.76673 1756.58 9057.39
  s 46 52 1.76673 1756.58 9057.39
  s 45 52 2.49854 1756.58 9057.39
  s 51 46 2.49854 1756.58 9057.39
  s 57 58 1.76673 1756.58 9057.39
  s 52 58 1.76673 1756.58 9057.39
  s 51 58 2.49854 1756.58 9057.39
  s 57 52 2.49854 1756.58 9057.39
  s 58 64 1.76673 1756.58 9057.39
  s 57 64 2.49854 1756.58 9057.39
  s 63 58 2.49854 1756.58 9057.39
  s 10 11 1.76673 1756.58 9057.39
  s 4 11 2.49854 1756.58 9057.39
  s 10 5 2.49854 1756.58 9057.39
  s 16 17 1.76673 1756.58 9057.39
  s 10 17 2.49854 1756.58 9057.39
  s 16 11 2.49854 1756.58 9057.39
  s 22 23 1.76673 1756.58 9057.39
  s 16 23 2.49854 1756.58 9057.39
  s 22 17 2.49854 1756.58 9057.39
  s 28 29 1.76673 1756.58 9057.39
  s 22 29 2.49854 1756.58 9057.39
  s 28 23 2.49854 1756.58 9057.39
  s 34 35 1.76673 1756.58 9057.39
  s 28 35 2.49854 1756.58 9057.39
  s 34 29 2.49854 1756.58 9057.39
  s 40 41 1.76673 1756.58 9057.39
  s 34 41 2.49854 1756.58 9057.39
  s 40 35 2.49854 1756.58 9057.39
  s 46 47 1.76673 1756.58 9057.39
  s 40 47 2.49854 1756.58 9057.39
  s 46 41 2.49854 1756.58 9057.39
  s 52 53 1.76673 1756.58 9057.39
  s 46 53 2.49854 1756.58 9057.39
  s 52 47 2.49854 1756.58 9057.39
  s 58 59 1.76673 1756.58 9057.39
  s 52 59 2.49854 1756.58 9057.39
  s 58 53 2.49854 1756.58 9057.39
  s 58 65 2.49854 1756.58 9057.39
  s 64 59 2.49854 1756.58 9057.39
  a -4.41682 -8.83366
  a -2.65009 -8.83366
  a -0.88336 -8.83366
  a 0.883373 -8.83366
  a 2.6501 -8.83366
  a 4.41684 -8.83366
  a -4.41682 -7.06693
  a -2.65009 -7.06693
  a -0.88336 -7.06693
  a 0.883373 -7.06693
  a 2.6501 -7.06693
  a 4.41684 -7.06693
  a -4.41682 -5.3002
  a -2.65009 -5.3002
  a -0.88336 -5.3002
  a 0.883373 -5.3002
  a 2.6501 -5.3002
  a 4.41684 -5.3002
  a -4.41682 -3.53346
  a -2.65009 -3.53346
  a -0.88336 -3.53346
  a 0.883373 -3.53346
  a 2.6501 -3.53346
  a 4.41684 -3.53346
  a -4.41682 -1.76673
  a -2.65009 -1.76673
  a -0.88336 -1.76673
  a 0.883373 -1.76673
  a 2.6501 -1.76673
  a 4.41684 -1.76673
  a -4.41682 -2.02656e-06
  a -2.65009 -2.02656e-06
  a -0.88336 -2.02656e-06
  a 0.883373 -2.02656e-06
  a 2.6501 -2.02656e-06
  a 4.41684 -2.02656e-06
  a -4.41682 1.76673
  a -2.65009 1.76673
  a -0.88336 1.76673
  a 0.883373 1.76673
  a 2.6501 1.76673
  a 4.41684 1.76673
  a -4.41682 3.53346
  a -2.65009 3.53346
  a -0.88336 3.53346
  a 0.883373 3.53346
  a 2.6501 3.53346
  a 4.41684 3.53346
  a -4.41682 5.30019
  a -2.65009 5.30019
  a -0.88336 5.30019
  a 0.883373 5.30019
  a 2.6501 5.30019
  a 4.41684 5.30019
  a -4.41682 7.06693
  a -2.65009 7.06693
  a -0.88336 7.06693
  a 0.883373 7.06693
  a 2.6501 7.06693
  a 4.41684 7.06693
  a -4.41682 8.83366
  a -2.65009 8.83366
  a -0.88336 8.83366
  a 0.883373 8.83366
  a 2.6501 8.83366
  a 4.41684 8.83366
  o 18.0225 1.21321 -0.00166552 0
  t 255 255 255
shp 5 5 5
  p -12.7322 7.4016 4.8455 0
  p -13.2596 10 4.8455 0
  p -15.9124 10 4.8455 0
  p -16.6634 7.45776 4.8455 0
  p -14.7233 5.64782 4.8455 0
  c 0 1 2.65347
  c 1 2 2.65347
  c 2 3 2.65347
  c 3 4 2.65347
  c 4 0 2.65347
  s 0 2 4.29341 463.569 2390.28
  s 0 3 4.29341 463.569 2390.28
  s 1 3 4.29341 463.569 2390.28
  s 1 4 4.29341 463.569 2390.28
  s 2 4 4.29341 463.569 2390.28
  a 2.25718 -5.96046e-08
  a 0.697506 2.14671
  a -1.8261 1.32674
  a -1.8261 -1.32674
  a 0.697508 -2.14671
  o -14.6581 8.10187 -0.337281 0
  t 226 193 193
shp 5 5 5
  p -18.6174 8.08405 3.22542 0
  p -16.4517 8.16251 3.22542 0
  p -15.3017 9.99817 3.22542 0
  p -17.4623 10 3.22542 0
  p -19.6255 10 3.22542 0
  c 0 1 2.16491
  c 1 2 2.1649
  c 2 3 2.16491
  c 3 4 2.1649
  c 4 0 2.1649
  s 0 2 3.50289 308.576 1591.1
  s 0 3 3.50289 308.576 1591.1
  s 1 3 3.50289 308.576 1591.1
  s 1 4 3.50289 308.576 1591.1
  s 2 4 3.50289 308.576 1591.1
  a 1.84158 0
  a 0.569078 1.75145
  a -1.48987 1.08245
  a -1.48987 -1.08245
  a 0.569078 -1.75144
  o -17.4916 9.24962 -2.20768 0
  t 208 185 209
shp 9 9 27
  p -16.247 7.0715 3.26801 0
  p -17.3635 8.13104 3.26801 0
  p -18.9039 8.07611 3.26801 0
  p -19.9489 6.94308 3.26801 0
  p -20.148 5.41438 3.26801 0
  p -19.1394 4.24927 3.26801 0
  p -17.7347 3.61416 3.26801 0
  p -16.3868 4.36212 3.26801 0
  p -15.5852 5.67853 3.26801 0
  c 0 1 1.54237
  c 1 2 1.54237
  c 2 3 1.54237
  c 3 4 1.54237
  c 4 5 1.54237
  c 5 6 1.54237
  c 6 7 1.54237
  c 7 8 1.54237
  c 8 0 1.54237
  s 0 2 2.89871 312.65 1612.11
  s 0 3 3.90543 312.65 1612.11
  s 0 4 4.44109 312.65 1612.11
  s 0 5 4.44109 312.65 1612.11
  s 0 6 3.90543 312.65 1612.11
  s 0 7 2.89871 312.65 1612.11
  s 1 3 2.89871 312.65 1612.11
  s 1 4 3.90543 312.65 1612.11
  s 1 5 4.44109 312.65 1612.11
  s 1 6 4.44109 312.65 1612.11
  s 1 7 3.90543 312.65 1612.11
  s 1 8 2.89871 312.65 1612.11
  s 2 4 2.89871 312.65 1612.11
  s 2 5 3.90543 312.65 1612.11
  s 2 6 4.44109 312.65 1612.11
  s 2 7 4.44109 312.65 1612.11
  s 2 8 3.90543 312.65 1612.11
  s 3 5 2.89871 312.65 1612.11
  s 3 6 3.90543 312.65 1612.11
  s 3 7 4.44109 312.65 1612.11
  s 3 8 4.44109 312.65 1612.11
  s 4 6 2.89871 312.65 1612.11
  s 4 7 3.90543 312.65 1612.11
  s 4 8 4.44109 312.65 1612.11
  s 5 7 2.89871 312.65 1612.11
  s 5 8 3.90543 312.65 1612.11
  s 6 8 2.89871 312.65 1612.11
  a 2.2548 9.53674e-07
  a 1.72728 1.44936
  a 0.391546 2.22054
  a -1.1274 1.95271
  a -2.11881 0.771187
  a -2.11881 -0.771186
  a -1.1274 -1.95271
  a 0.391546 -2.22054
  a 1.72728 -1.44936
  o -17.9396 5.94879 0.597365 0
  t 167 150 227
shp 11 11 44
  p -19.7811 7.30268 1.06295 0
  p -19.163 7.79092 1.06295 0
  p -18.8376 8.51094 1.06295 0
  p -19.2042 9.2111 1.06295 0
  p -19.2437 9.9988 1.06295 0
  p -20.033 10 1.06295 0
  p -20.8221 10 1.06295 0
  p -21.2745 9.35668 1.06295 0
  p -21.2745 8.56735 1.06295 0
  p -21.2745 7.7782 1.06295 0
  p -20.5575 7.45074 1.06295 0
  c 0 1 0.790075
  c 1 2 0.790075
  c 2 3 0.790076
  c 3 4 0.790075
  c 4 5 0.790075
  c 5 6 0.790075
  c 6 7 0.790075
  c 7 8 0.790077
  c 8 9 0.790074
  c 9 10 0.790075
  c 10 0 0.790075
  s 0 2 1.51614 101.693 524.354
  s 0 3 2.11938 101.693 524.354
  s 0 4 2.55092 101.693 524.354
  s 0 5 2.7758 101.693 524.354
  s 0 6 2.7758 101.693 524.354
  s 0 7 2.55092 101.693 524.354
  s 0 8 2.11938 101.693 524.354
  s 0 9 1.51614 101.693 524.354
  s 1 3 1.51614 101.693 524.354
  s 1 4 2.11938 101.693 524.354
  s 1 5 2.55092 101.693 524.354
  s 1 6 2.7758 101.693 524.354
  s 1 7 2.7758 101.693 524.354
  s 1 8 2.55092 101.693 524.354
  s 1 9 2.11938 101.693 524.354
  s 1 10 1.51614 101.693 524.354
  s 2 4 1.51614 101.693 524.354
  s 2 5 2.11938 101.693 524.354
  s 2 6 2.55092 101.693 524.354
  s 2 7 2.7758 101.693 524.354
  s 2 8 2.7758 101.693 524.354
  s 2 9 2.55092 101.693 524.354
  s 2 10 2.11938 101.693 524.354
  s 3 5 1.51614 101.693 524.354
  s 3 6 2.11938 101.693 524.354
  s 3 7 2.55092 101.693 524.354
  s 3 8 2.7758 101.693 524.354
  s 3 9 2.7758 101.693 524.354
  s 3 10 2.55092 101.693 524.354
  s 4 6 1.51614 101.693 524.354
  s 4 7 2.11938 101.693 524.354
  s 4 8 2.55092 101.693 524.354
  s 4 9 2.7758 101.693 524.354
  s 4 10 2.7758 101.693 524.354
  s 5 7 1.51614 101.693 524.354
  s 5 8 2.11938 101.693 524.354
  s 5 9 2.55092 101.693 524.354
  s 5 10 2.7758 101.693 524.354
  s 6 8 1.51615 101.693 524.354
  s 6 9 2.11938 101.693 524.354
  s 6 10 2.55092 101.693 524.354
  s 7 9 1.51614 101.693 524.354
  s 7 10 2.11938 101.693 524.354
  s 8 10 1.51614 101.693 524.354
  a 1.40217 -1.90735e-06
  a 1.17958 0.75807
  a 0.582481 1.27546
  a -0.199553 1.3879
  a -0.91823 1.05969
  a -1.34538 0.395036
  a -1.34538 -0.39504
  a -0.91823 -1.05969
  a -0.199551 -1.3879
  a 0.582481 -1.27546
  a 1.17958 -0.758074
  o -20.1338 8.72455 -1.32344 0
  t 252 179 246
shp 10 10 35
  p -21.2745 7.00085 0.640961 0
  p -21.2745 6.35694 0.640961 0
  p -21.2745 5.71274 0.640961 0
  p -20.7816 5.29957 0.640961 0
  p -20.1465 5.41339 0.640961 0
  p -20.0612 6.04996 0.640961 0
  p -19.9792 6.68849 0.640961 0
  p -19.8911 7.32705 0.640961 0
  p -20.5257 7.44441 0.640961 0
  p -21.1432 7.63105 0.640961 0
  c 0 1 0.645383
  c 1 2 0.645384
  c 2 3 0.645382
  c 3 4 0.645384
  c 4 5 0.645383
  c 5 6 0.645383
  c 6 7 0.645384
  c 7 8 0.645382
  c 8 9 0.645384
  c 9 0 0.645383
  s 0 2 1.22759 61.3207 316.186
  s 0 3 1.68963 61.3207 316.186
  s 0 4 1.98629 61.3207 316.186
  s 0 5 2.0885 61.3207 316.186
  s 0 6 1.98629 61.3207 316.186
  s 0 7 1.68964 61.3207 316.186
  s 0 8 1.22759 61.3207 316.186
  s 1 3 1.22759 61.3207 316.186
  s 1 4 1.68964 61.3207 316.186
  s 1 5 1.98629 61.3207 316.186
  s 1 6 2.08851 61.3207 316.186
  s 1 7 1.98629 61.3207 316.186
  s 1 8 1.68964 61.3207 316.186
  s 1 9 1.22759 61.3207 316.186
  s 2 4 1.22759 61.3207 316.186
  s 2 5 1.68963 61.3207 316.186
  s 2 6 1.98629 61.3207 316.186
  s 2 7 2.0885 61.3207 316.186
  s 2 8 1.98629 61.3207 316.186
  s 2 9 1.68964 61.3207 316.186
  s 3 5 1.22759 61.3207 316.186
  s 3 6 1.68964 61.3207 316.186
  s 3 7 1.98629 61.3207 316.186
  s 3 8 2.0885 61.3207 316.186
  s 3 9 1.98629 61.3207 316.186
  s 4 6 1.22759 61.3207 316.186
  s 4 7 1.68964 61.3207 316.186
  s 4 8 1.98629 61.3207 316.186
  s 4 9 2.08851 61.3207 316.186
  s 5 7 1.22759 61.3207 316.186
  s 5 8 1.68964 61.3207 316.186
  s 5 9 1.98629 61.3207 316.186
  s 6 8 1.22759 61.3207 316.186
  s 6 9 1.68964 61.3207 316.186
  s 7 9 1.22759 61.3207 316.186
  a 1.04425 9.53674e-07
  a 0.844816 0.613797
  a 0.322689 0.993143
  a -0.322693 0.993143
  a -0.84482 0.613797
  a -1.04425 9.53674e-07
  a -0.84482 -0.613795
  a -0.322693 -0.993142
  a 0.322689 -0.993142
  a 0.844816 -0.613795
  o -20.636 6.49259 2.66552 0
  t 137 193 144
shp 8 8 20
  p -20.1483 5.41671 1.57102 0
  p -21.2703 5.20976 1.57102 0
  p -21.2745 4.07046 1.57102 0
  p -21.2745 2.93015 1.57102 0
  p -20.3823 2.22184 1.57102 0
  p -19.4957 2.9377 1.57102 0
  p -18.647 3.69997 1.57102 0
  p -19.4011 4.55481 1.57102 0
  c 0 1 1.14082
  c 1 2 1.14082
  c 2 3 1.14082
  c 3 4 1.14082
  c 4 5 1.14082
  c 5 6 1.14082
  c 6 7 1.14082
  c 7 0 1.14082
  s 0 2 2.10796 150.299 774.982
  s 0 3 2.75419 150.299 774.982
  s 0 4 2.98111 150.299 774.982
  s 0 5 2.75419 150.299 774.982
  s 0 6 2.10796 150.299 774.982
  s 1 3 2.10796 150.299 774.982
  s 1 4 2.75419 150.299 774.982
  s 1 5 2.98111 150.299 774.982
  s 1 6 2.75419 150.299 774.982
  s 1 7 2.10796 150.299 774.982
  s 2 4 2.10796 150.299 774.982
  s 2 5 2.75419 150.299 774.982
  s 2 6 2.98111 150.299 774.982
  s 2 7 2.75419 150.299 774.982
  s 3 5 2.10796 150.299 774.982
  s 3 6 2.75419 150.299 774.982
  s 3 7 2.98111 150.299 774.982
  s 4 6 2.10796 150.299 774.982
  s 4 7 2.75419 150.299 774.982
  s 5 7 2.10796 150.299 774.982
  a 1.49055 -9.53674e-07
  a 1.05398 1.05398
  a -1.90735e-06 1.49055
  a -1.05398 1.05398
  a -1.49056 -9.53674e-07
  a -1.05398 -1.05398
  a -1.90735e-06 -1.49056
  a 1.05398 -1.05398
  o -20.2374 3.88048 1.46945 0
  t 219 152 234
shp 10 10 35
  p -20.5879 0.859255 4.51563 0
  p -19.9823 -0.742679 4.51563 0
  p -18.5593 -1.69616 4.51563 0
  p -16.8473 -1.63957 4.51563 0
  p -15.4902 -0.594514 4.51563 0
  p -14.9896 1.04332 4.51563 0
  p -15.6412 2.62713 4.51563 0
  p -17.0154 3.64935 4.51563 0
  p -18.7262 3.56756 4.51563 0
  p -20.0552 2.48733 4.51563 0
  c 0 1 1.71302
  c 1 2 1.71302
  c 2 3 1.71302
  c 3 4 1.71302
  c 4 5 1.71302
  c 5 6 1.71302
  c 6 7 1.71302
  c 7 8 1.71302
  c 8 9 1.71302
  c 9 0 1.71302
  s 0 2 3.25835 432.01 2227.56
  s 0 3 4.48474 432.01 2227.56
  s 0 4 5.27213 432.01 2227.56
  s 0 5 5.54344 432.01 2227.56
  s 0 6 5.27213 432.01 2227.56
  s 0 7 4.48474 432.01 2227.56
  s 0 8 3.25835 432.01 2227.56
  s 1 3 3.25835 432.01 2227.56
  s 1 4 4.48474 432.01 2227.56
  s 1 5 5.27213 432.01 2227.56
  s 1 6 5.54344 432.01 2227.56
  s 1 7 5.27213 432.01 2227.56
  s 1 8 4.48474 432.01 2227.56
  s 1 9 3.25835 432.01 2227.56
  s 2 4 3.25835 432.01 2227.56
  s 2 5 4.48474 432.01 2227.56
  s 2 6 5.27213 432.01 2227.56
  s 2 7 5.54344 432.01 2227.56
  s 2 8 5.27213 432.01 2227.56
  s 2 9 4.48474 432.01 2227.56
  s 3 5 3.25835 432.01 2227.56
  s 3 6 4.48474 432.01 2227.56
  s 3 7 5.27213 432.01 2227.56
  s 3 8 5.54344 432.01 2227.56
  s 3 9 5.27213 432.01 2227.56
  s 4 6 3.25836 432.01 2227.56
  s 4 7 4.48474 432.01 2227.56
  s 4 8 5.27213 432.01 2227.56
  s 4 9 5.54344 432.01 2227.56
  s 5 7 3.25835 432.01 2227.56
  s 5 8 4.48474 432.01 2227.56
  s 5 9 5.27213 432.01 2227.56
  s 6 8 3.25835 432.01 2227.56
  s 6 9 4.48474 432.01 2227.56
  s 7 9 3.25835 432.01 2227.56
  a 2.77172 9.53674e-07
  a 2.24237 1.62918
  a 0.856511 2.63607
  a -0.856507 2.63606
  a -2.24237 1.62918
  a -2.77172 9.53674e-07
  a -2.24237 -1.62918
  a -0.856507 -2.63606
  a 0.856511 -2.63606
  a 2.24237 -1.62918
  o -17.7895 0.956095 -3.10931 0
  t 156 196 201
shp 11 11 44
  p -13.6218 5.711 1.84632 0
  p -14.6596 5.66039 1.84632 0
  p -15.6896 5.51087 1.84632 0
  p -16.2317 4.62262 1.84632 0
  p -16.5489 3.63132 1.84632 0
  p -15.8991 2.81831 1.84632 0
  p -15.0683 2.19097 1.84632 0
  p -14.0272 2.19249 1.84632 0
  p -13.1614 2.77057 1.84632 0
  p -13.0342 3.80276 1.84632 0
  p -13.0465 4.84309 1.84632 0
  c 0 1 1.04128
  c 1 2 1.04128
  c 2 3 1.04128
  c 3 4 1.04128
  c 4 5 1.04128
  c 5 6 1.04128
  c 6 7 1.04128
  c 7 8 1.04128
  c 8 9 1.04127
  c 9 10 1.04128
  c 10 0 1.04128
  s 0 2 1.9982 176.638 910.791
  s 0 3 2.79323 176.638 910.791
  s 0 4 3.36198 176.638 910.791
  s 0 5 3.65836 176.638 910.791
  s 0 6 3.65836 176.638 910.791
  s 0 7 3.36198 176.638 910.791
  s 0 8 2.79323 176.638 910.791
  s 0 9 1.9982 176.638 910.791
  s 1 3 1.9982 176.638 910.791
  s 1 4 2.79323 176.638 910.791
  s 1 5 3.36198 176.638 910.791
  s 1 6 3.65836 176.638 910.791
  s 1 7 3.65836 176.638 910.791
  s 1 8 3.36198 176.638 910.791
  s 1 9 2.79323 176.638 910.791
  s 1 10 1.99819 176.638 910.791
  s 2 4 1.99819 176.638 910.791
  s 2 5 2.79323 176.638 910.791
  s 2 6 3.36198 176.638 910.791
  s 2 7 3.65835 176.638 910.791
  s 2 8 3.65835 176.638 910.791
  s 2 9 3.36198 176.638 910.791
  s 2 10 2.79323 176.638 910.791
  s 3 5 1.99819 176.638 910.791
  s 3 6 2.79323 176.638 910.791
  s 3 7 3.36198 176.638 910.791
  s 3 8 3.65836 176.638 910.791
  s 3 9 3.65836 176.638 910.791
  s 3 10 3.36198 176.638 910.791
  s 4 6 1.99819 176.638 910.791
  s 4 7 2.79323 176.638 910.791
  s 4 8 3.36198 176.638 910.791
  s 4 9 3.65835 176.638 910.791
  s 4 10 3.65835 176.638 910.791
  s 5 7 1.99819 176.638 910.791
  s 5 8 2.79323 176.638 910.791
  s 5 9 3.36198 176.638 910.791
  s 5 10 3.65835 176.638 910.791
  s 6 8 1.9982 176.638 910.791
  s 6 9 2.79323 176.638 910.791
  s 6 10 3.36198 176.638 910.791
  s 7 9 1.99819 176.638 910.791
  s 7 10 2.79323 176.638 910.791
  s 8 10 1.99819 176.638 910.791
  a 1.84799 -9.53674e-07
  a 1.55463 0.999097
  a 0.767681 1.68099
  a -0.262997 1.82918
  a -1.21017 1.39661
  a -1.77313 0.520637
  a -1.77313 -0.520639
  a -1.21017 -1.39662
  a -0.262995 -1.82918
  a 0.767681 -1.68099
  a 1.55463 -0.999098
  o -14.6354 3.97725 1.03775 0
  t 210 180 247
bnd -15.6 -10.1443 16.6 14.4
shp 9 9 27
  p -12.3487 2.13085 2.33059 0
  p -11.0534 2.26783 2.33059 0
  p -10.1492 3.20536 2.33059 0
  p -10.0592 4.50475 2.33059 0
  p -10.8254 5.55801 2.33059 0
  p -12.0895 5.87231 2.33059 0
  p -13.2598 5.30057 2.33059 0
  p -13.7888 4.11033 2.33059 0
  p -13.429 2.85851 2.33059 0
  c 0 1 1.30251
  c 1 2 1.30251
  c 2 3 1.30251
  c 3 4 1.30251
  c 4 5 1.30251
  c 5 6 1.30251
  c 6 7 1.30251
  c 7 8 1.30251
  c 8 0 1.30251
  s 0 2 2.44792 222.967 1149.68
  s 0 3 3.29807 222.967 1149.68
  s 0 4 3.75043 222.967 1149.68
  s 0 5 3.75043 222.967 1149.68
  s 0 6 3.29807 222.967 1149.68
  s 0 7 2.44792 222.967 1149.68
  s 1 3 2.44792 222.967 1149.68
  s 1 4 3.29807 222.967 1149.68
  s 1 5 3.75043 222.967 1149.68
  s 1 6 3.75043 222.967 1149.68
  s 1 7 3.29807 222.967 1149.68
  s 1 8 2.44792 222.967 1149.68
  s 2 4 2.44792 222.967 1149.68
  s 2 5 3.29807 222.967 1149.68
  s 2 6 3.75043 222.967 1149.68
  s 2 7 3.75043 222.967 1149.68
  s 2 8 3.29807 222.967 1149.68
  s 3 5 2.44792 222.967 1149.68
  s 3 6 3.29807 222.967 1149.68
  s 3 7 3.75043 222.967 1149.68
  s 3 8 3.75043 222.967 1149.68
  s 4 6 2.44792 222.967 1149.68
  s 4 7 3.29807 222.967 1149.68
  s 4 8 3.75043 222.967 1149.68
  s 5 7 2.44792 222.967 1149.68
  s 5 8 3.29807 222.967 1149.68
  s 6 8 2.44792 222.967 1149.68
  a 1.90414 0
  a 1.45866 1.22396
  a 0.33065 1.87521
  a -0.952071 1.64903
  a -1.78931 0.651254
  a -1.78931 -0.651255
  a -0.95207 -1.64903
  a 0.330651 -1.87521
  a 1.45866 -1.22396
  o -11.8909 3.87626 -1.8145 1
  t 164 231 161
shp 7 7 14
  p 2.86583 4.54638 2.90366 0
  p 4.41193 5.18364 2.90366 0
  p 4.87987 6.78914 2.90366 0
  p 3.91842 8.15741 2.90366 0
  p 2.24966 8.26465 2.90366 0
  p 1.14835 7.00631 2.90366 0
  p 1.40103 5.35323 2.90366 0
  c 0 1 1.67232
  c 1 2 1.67232
  c 2 3 1.67232
  c 3 4 1.67232
  c 4 5 1.67232
  c 5 6 1.67232
  c 6 0 1.67232
  s 0 2 3.01342 277.793 1432.37
  s 0 3 3.75767 277.793 1432.37
  s 0 4 3.75767 277.793 1432.37
  s 0 5 3.01342 277.793 1432.37
  s 1 3 3.01342 277.793 1432.37
  s 1 4 3.75767 277.793 1432.37
  s 1 5 3.75767 277.793 1432.37
  s 1 6 3.01342 277.793 1432.37
  s 2 4 3.01342 277.793 1432.37
  s 2 5 3.75767 277.793 1432.37
  s 2 6 3.75767 277.793 1432.37
  s 3 5 3.01342 277.793 1432.37
  s 3 6 3.75767 277.793 1432.37
  s 4 6 3.01342 277.793 1432.37
  a 1.92715 1.19209e-07
  a 1.20156 1.50671
  a -0.428832 1.87883
  a -1.7363 0.83616
  a -1.7363 -0.83616
  a -0.428831 -1.87883
  a 1.20156 -1.50671
  o 2.93944 6.37807 -1.63019 1
  t 160 168 251
shp 6 6 9
  p 1.23425 7.36428 3.65364 0
  p -0.243929 8.79035 3.65364 0
  p -2.21228 8.20344 3.65364 0
  p -2.69551 6.20711 3.65364 0
  p -1.21098 4.78762 3.65364 0
  p 0.759928 5.3658 3.65364 0
  c 0 1 2.05399
  c 1 2 2.05399
  c 2 3 2.05399
  c 3 4 2.05399
  c 4 5 2.05399
  c 5 0 2.05399
  s 0 2 3.55761 349.544 1802.34
  s 0 3 4.10798 349.544 1802.34
  s 0 4 3.55761 349.544 1802.34
  s 1 3 3.55761 349.544 1802.34
  s 1 4 4.10798 349.544 1802.34
  s 1 5 3.55761 349.544 1802.34
  s 2 4 3.55761 349.544 1802.34
  s 2 5 4.10797 349.544 1802.34
  s 3 5 3.55761 349.544 1802.34
  a 2.05399 4.76837e-07
  a 1.02699 1.77881
  a -1.02699 1.77881
  a -2.05399 4.76837e-07
  a -1.02699 -1.7788
  a 1.02699 -1.7788
  o -0.735158 6.67504 0.282444 1
  t 182 220 222
shp 9 9 27
  p 8.57783 5.56516 1.66252 0
  p 9.1682 4.63688 1.66252 0
  p 10.2171 4.30526 1.66252 0
  p 11.2338 4.72546 1.66252 0
  p 11.7425 5.70087 1.66252 0
  p 11.5053 6.77508 1.66252 0
  p 10.633 7.44546 1.66252 0
  p 9.53393 7.39832 1.66252 0
  p 8.72228 6.65574 1.66252 0
  c 0 1 1.1001
  c 1 2 1.1001
  c 2 3 1.1001
  c 3 4 1.1001
  c 4 5 1.1001
  c 5 6 1.1001
  c 6 7 1.1001
  c 7 8 1.1001
  c 8 0 1.1001
  s 0 2 2.06751 159.053 820.119
  s 0 3 2.78554 159.053 820.119
  s 0 4 3.1676 159.053 820.119
  s 0 5 3.1676 159.053 820.119
  s 0 6 2.78554 159.053 820.119
  s 0 7 2.06751 159.053 820.119
  s 1 3 2.06751 159.053 820.119
  s 1 4 2.78554 159.053 820.119
  s 1 5 3.1676 159.053 820.119
  s 1 6 3.1676 159.053 820.119
  s 1 7 2.78554 159.053 820.119
  s 1 8 2.06751 159.053 820.119
  s 2 4 2.06751 159.053 820.119
  s 2 5 2.78554 159.053 820.119
  s 2 6 3.1676 159.053 820.119
  s 2 7 3.1676 159.053 820.119
  s 2 8 2.78554 159.053 820.119
  s 3 5 2.06751 159.053 820.119
  s 3 6 2.78554 159.053 820.119
  s 3 7 3.1676 159.053 820.119
  s 3 8 3.1676 159.053 820.119
  s 4 6 2.06751 159.053 820.119
  s 4 7 2.78554 159.053 820.119
  s 4 8 3.1676 159.053 820.119
  s 5 7 2.06751 159.053 820.119
  s 5 8 2.78554 159.053 820.119
  s 6 8 2.06751 159.053 820.119
  a 1.60823 2.38419e-07
  a 1.23198 1.03375
  a 0.279267 1.5838
  a -0.804117 1.39277
  a -1.51125 0.550048
  a -1.51125 -0.550049
  a -0.804117 -1.39277
  a 0.279268 -1.5838
  a 1.23198 -1.03375
  o 10.1473 5.80954 -2.92421 1
  t 189 224 173
shp 7 7 14
  p 8.29753 5.56405 2.65081 0
  p 8.35185 7.16097 2.65081 0
  p 7.13719 8.1991 2.65081 0
  p 5.56821 7.8967 2.65081 0
  p 4.82639 6.48148 2.65081 0
  p 5.47035 5.01914 2.65081 0
  p 7.01515 4.61084 2.65081 0
  c 0 1 1.59785
  c 1 2 1.59785
  c 2 3 1.59785
  c 3 4 1.59785
  c 4 5 1.59785
  c 5 6 1.59785
  c 6 0 1.59785
  s 0 2 2.87923 253.603 1307.64
  s 0 3 3.59034 253.603 1307.64
  s 0 4 3.59034 253.603 1307.64
  s 0 5 2.87923 253.603 1307.64
  s 1 3 2.87923 253.603 1307.64
  s 1 4 3.59034 253.603 1307.64
  s 1 5 3.59034 253.603 1307.64
  s 1 6 2.87923 253.603 1307.64
  s 2 4 2.87923 253.603 1307.64
  s 2 5 3.59034 253.603 1307.64
  s 2 6 3.59034 253.603 1307.64
  s 3 5 2.87923 253.603 1307.64
  s 3 6 3.59034 253.603 1307.64
  s 4 6 2.87923 253.603 1307.64
  a 1.84133 1.19209e-07
  a 1.14805 1.43961
  a -0.409735 1.79517
  a -1.65898 0.798925
  a -1.65898 -0.798925
  a -0.409734 -1.79517
  a 1.14805 -1.43961
  o 6.69837 6.31627 -0.482789 1
  t 234 179 179
shp 7 7 14
  p -6.37003 6.35496 3.11617 0
  p -7.73548 7.42122 3.11617 0
  p -9.42045 7.01848 3.11617 0
  p -10.1561 5.45 3.11617 0
  p -9.38855 3.89688 3.11617 0
  p -7.69569 3.52866 3.11617 0
  p -6.35233 4.62261 3.11617 0
  c 0 1 1.73244
  c 1 2 1.73244
  c 2 3 1.73244
  c 3 4 1.73244
  c 4 5 1.73244
  c 5 6 1.73244
  c 6 0 1.73244
  s 0 2 3.12174 298.124 1537.21
  s 0 3 3.89275 298.124 1537.21
  s 0 4 3.89275 298.124 1537.21
  s 0 5 3.12174 298.124 1537.21
  s 1 3 3.12174 298.124 1537.21
  s 1 4 3.89275 298.124 1537.21
  s 1 5 3.89275 298.124 1537.21
  s 1 6 3.12174 298.124 1537.21
  s 2 4 3.12174 298.124 1537.21
  s 2 5 3.89275 298.124 1537.21
  s 2 6 3.89275 298.124 1537.21
  s 3 5 3.12174 298.124 1537.21
  s 3 6 3.89275 298.124 1537.21
  s 4 6 3.12174 298.124 1537.21
  a 1.99643 2.38419e-07
  a 1.24475 1.56087
  a -0.444248 1.94638
  a -1.79872 0.866218
  a -1.79872 -0.866219
  a -0.444247 -1.94637
  a 1.24475 -1.56087
  o -8.17093 5.36813 0.459013 1
  t 207 152 216
shp 8 8 20
  p -5.57089 7.84833 1.9329 0
  p -6.18533 6.74211 1.9329 0
  p -5.8376 5.52541 1.9329 0
  p -4.73138 4.91097 1.9329 0
  p -3.51469 5.2587 1.9329 0
  p -2.90024 6.36492 1.9329 0
  p -3.24797 7.58161 1.9329 0
  p -4.35419 8.19605 1.9329 0
  c 0 1 1.26541
  c 1 2 1.26541
  c 2 3 1.26541
  c 3 4 1.26541
  c 4 5 1.26541
  c 5 6 1.26541
  c 6 7 1.26541
  c 7 0 1.26541
  s 0 2 2.33818 184.921 953.5
  s 0 3 3.05497 184.921 953.5
  s 0 4 3.30668 184.921 953.5
  s 0 5 3.05497 184.921 953.5
  s 0 6 2.33818 184.921 953.5
  s 1 3 2.33818 184.921 953.5
  s 1 4 3.05497 184.921 953.5
  s 1 5 3.30668 184.921 953.5
  s 1 6 3.05497 184.921 953.5
  s 1 7 2.33818 184.921 953.5
  s 2 4 2.33818 184.921 953.5
  s 2 5 3.05497 184.921 953.5
  s 2 6 3.30668 184.921 953.5
  s 2 7 3.05497 184.921 953.5
  s 3 5 2.33818 184.921 953.5
  s 3 6 3.05497 184.921 953.5
  s 3 7 3.30668 184.921 953.5
  s 4 6 2.33818 184.921 953.5
  s 4 7 3.05497 184.921 953.5
  s 5 7 2.33818 184.921 953.5
  a 1.65334 1.49012e-08
  a 1.16909 1.16909
  a -2.38419e-07 1.65334
  a -1.16909 1.16909
  a -1.65334 -1.3411e-07
  a -1.16909 -1.16909
  a -2.38419e-07 -1.65334
  a 1.16909 -1.16909
  o -4.53592 6.45118 2.24188 1
  t 134 188 206
shp 9 9 27
  p 13.076 2.38563 1.42274 0
  p 13.8031 3.09769 1.42274 0
  p 13.9023 4.11051 1.42274 0
  p 13.3274 4.9502 1.42274 0
  p 12.3472 5.22384 1.42274 0
  p 11.4204 4.8034 1.42274 0
  p 10.9807 3.8856 1.42274 0
  p 11.2338 2.89991 1.42274 0
  p 12.0613 2.30752 1.42274 0
  c 0 1 1.01768
  c 1 2 1.01768
  c 2 3 1.01768
  c 3 4 1.01768
  c 4 5 1.01768
  c 5 6 1.01768
  c 6 7 1.01768
  c 7 8 1.01768
  c 8 0 1.01768
  s 0 2 1.91261 136.114 701.838
  s 0 3 2.57685 136.114 701.838
  s 0 4 2.93029 136.114 701.838
  s 0 5 2.93029 136.114 701.838
  s 0 6 2.57685 136.114 701.838
  s 0 7 1.91261 136.114 701.838
  s 1 3 1.91261 136.114 701.838
  s 1 4 2.57685 136.114 701.838
  s 1 5 2.93029 136.114 701.838
  s 1 6 2.93029 136.114 701.838
  s 1 7 2.57685 136.114 701.838
  s 1 8 1.91261 136.114 701.838
  s 2 4 1.91261 136.114 701.838
  s 2 5 2.57685 136.114 701.838
  s 2 6 2.93029 136.114 701.838
  s 2 7 2.93029 136.114 701.838
  s 2 8 2.57685 136.114 701.838
  s 3 5 1.91261 136.114 701.838
  s 3 6 2.57685 136.114 701.838
  s 3 7 2.93029 136.114 701.838
  s 3 8 2.93029 136.114 701.838
  s 4 6 1.91261 136.114 701.838
  s 4 7 2.57685 136.114 701.838
  s 4 8 2.93029 136.114 701.838
  s 5 7 1.91261 136.114 701.838
  s 5 8 2.57685 136.114 701.838
  s 6 8 1.91261 136.114 701.838
  a 1.48775 5.96046e-08
  a 1.13968 0.956305
  a 0.258345 1.46514
  a -0.743874 1.28843
  a -1.39802 0.508839
  a -1.39802 -0.50884
  a -0.743873 -1.28843
  a 0.258345 -1.46514
  a 1.13968 -0.956305
  o 12.4648 3.63805 -1.1449 1
  t 143 137 198
shp 4 4 2
  p 6.81136 -0.753213 11.097 0
  p 2.9796 -4.21735 11.097 0
  p 5.8612 -7.40431 11.097 0
  p 9.69296 -3.94017 11.097 0
  c 0 1 5.16552
  c 1 2 4.29655
  c 2 3 5.16552
  c 3 0 4.29655
  s 0 2 6.71885 1061.65 5474.13
  s 1 3 6.71885 1061.65 5474.13
  a -2.58276 -2.14828
  a 2.58276 -2.14828
  a 2.58276 2.14828
  a -2.58276 2.14828
  o 6.3376 -4.08961 -2.4064 0
  t 255 255 255
shp 4 4 2
  p -6.90243 -4.44841 6.08223 0
  p -2.6883 -5.62893 6.08223 0
  p -1.93836 -2.95244 6.08223 0
  p -6.15249 -1.77191 6.08223 0
  c 0 1 4.37636
  c 1 2 2.77958
  c 2 3 4.37636
  c 3 0 2.77958
  s 0 2 5.18446 581.887 3000.36
  s 1 3 5.18446 581.887 3000.36
  a -2.18818 -1.38979
  a 2.18818 -1.38979
  a 2.18818 1.38979
  a -2.18818 1.38979
  o -4.42167 -3.72437 -0.272942 0
  t 255 255 255
‰PNG

   IHDR  “   }   þÇè&   sRGB ®Îé   gAMA  ±üa   	pHYs  Ã  ÃÇo¨d  A³IDATx^íÝë·6IYßqžh4‚ˆDA˜@Q	Áµ01qiV+‡·ùò.ÿDò"k¹t©Yˆ‰@"	a„™@DaÀANŠˆ$Æ$Æ¯O[×¶ŸûÙûÙ÷iïûôû¾éê:uuuuÕ¯¯ªî¾ñ¨ÂÎ¸Qü¿¢Ý¶½¿)òÃ2ù}U!žøöÿRñ¿
þíž2+þJñŠÿ[|uañ¤Æ-?nqäcû?
yØÖÇÄÿ.Ä‘—}áµ°Å_.þ¬gJPHÿ?‹Çò”ÿ¯/þ¤à§¼Ò)›üþZá|þ´.>·0y¹xlÁÿ¿Žû-Å×\8·¯-¸åùu…xÿ½ïñ…üø}sÑaŽëÜäÿ…8ÎË9<¥xjñpáxO*~§p^öÅ¿²}¥pNò‘‡}nåÿRÁ-?åëã9¶ú—sísQWÜÂžP<±°ûÿ­PÇŽ«”±ã=ºO>Üÿ¹ø/Åç‹û‹¿W(£<”Áñ•+„p<DL†“„PÎÛÒñ€Lƒ¡}îöÇ Þûà×q	âEšö‡?¡` µßá—_ÇµbÉ¾xöåa+ž0ÂÉV¸0(AÓ‚Bþü[\q¾¡PVáòë4ò!‚áò'hùRD‚|„I/aÁO:Ç•?>[ˆ×ÂCþò Œˆ èiÅïŽ÷M…ü	CÂJ]7Äœr}®çé…<?SðwL"ÆyKÄœ´ò öä×evœ/ßV(·8êYÅqÎØŽÝny~{¡¼Ò*‡òpÄ™²pË‹ #
ÕôÄØ‡
TÄšò+»2IçXÎëu¥üÎW¨a¶ÊÉ_yœ+ùs«?ùH/n__åseá–VŽ¯ŒâÚ‡têÑyÈ“ŸzÑ†œ·<áX®§óÀ‹P|ºpM´	u¯­8~áð‰˜{A2´Ÿmï/Òá¶9[ƒ¥­ÁS˜Á¬Ãì78r<Å3`:†ÁšÀ0XŠg•Î@*¡d€µ/_á]ƒ¦š@1ÈŠ+ŽüÚÄ†\<¾cÈ¥—‹“AœÿÅo„žÀp\Â¡Å-¢…˜øë…üâßYÈ…9‹@!dC˜c+«2+§<'õð¸âŽ‚ˆs¾Ž§N_>Ê@ÊOù¿PH¯,ÊúHA<É_žŽùœâ…p¢Š¨s,Í¹+“üåã:pK¯üŠò(—ò8ötb…¸®‘ëH|q«o×C®…zTfõâúò‡ü•Á¹‰'z‘¼µu£®+-/ù+‡<ÄSöƒrð“‡vÇß±¹¥U>ñG:íLýtzáâ	W6áÂÄUþüÄ“§2*ŸýF\[áÒØ¶?w£\òv|ˆ3œgPcw¢÷…M…2;¾k"Ü5~¨xAdvœN«¶!„Ãã¦!„U0Ì‹Üâs°l ¶a2nþÜ0PŠßª}ˆÇ~ƒ¨8D[B† ’—°'òc’8=ƒ+g€3à‹÷­ÑC¸-DÑBA\nBGžŽã|ˆ ƒ(?BÇ”%±D|É[<¢É4¨}Çwlet<âEy,^V<£PNâ¬-\º"|¤QBÍqÕ‹²+ÁHìpK#ž¼Ô›0eplþ-žˆ¢ß/”G˜º’F¹„9žºW:åqÎÊãÎ“¿úR>yH/éÕ™óæ×y€àrL×Îùçï|¸ù«+iÔ³üÕ«0ç#ôÊ!.?aüÅw\ûòtmÄ•wÇk·¸°/žãñ‡4üä!Ž}þŽÉÍonqz;¼ÏDX3›ÃócØïíiÀo8o¡ãvºŽ;wÃ¾íÜoä£.l]{.(LkÏÚ«ëâÁÉu$!uáø™&²îè¹ÁÍ¯Ý‘&­0¯Á‚¿Þ Mlð'4Ün%ÒKBÄ>¡#âŒÑ"-bÛÂå®B\ÇÏÔ©pÂI\bLy	 ÇUNiÅa]#”G<Ö*ƒ¸„”­|¥ß¾<•I>-ZœƒÁÑy]¬d‰swNÒ9–xò“N>p|ÇU7â‰Óõ§~äoÛõ!_q;þÂ¹¥æ˜ÜÂ¤‡8ŽÍ_ývþêFžŽÍñ”Ò:w[aò–öå!ž8„K3E,:póãžgtXãxŸ°)ƒb1:¼Ã:Ý">gžŽ{òkãºiSlˆÊO,•üYÁ?Z°\‹£ÍJsÞu	!ìé OˆÅÁöÑƒ,‘¤s·má Œ ²OTg]"Üˆ?A"}»MýIK¼T„“p9"‡Í–Èr¬/Êò…}Ï±ì;ñ¨,Džü[–)yËË0)AK:e—¯²)“r‹ï\äÇMˆÙŠ+Oçê<”Q:ù)§4â5Ê ¬Ò‰#Çêºf_¼>øÙ·tíÏóöþ}<ð³/?[û#è¦|l;lîwû]FÇÇ<ÍÜ?„E´íÓ½îáŽÅ_›õÀöž‚ $2-_`¹îûóvBØ/Òñ0Ü:g[¯8ö	!‡0"p¥#zLuYÜ„Áf_g.K™©*ƒ1ÈgP Ñå˜œ¸Ä¤|ˆGâNþò!Ôä+\äÇ*¦L[âQ\ƒ2ŽÄšü‹[ù‹ç<„97aÎ»™‡ÛçÆ|¿Ý¶öŸtö{ÛásÚï¼8çåkBøóûÂýnÖá²XÚ¾£ðr’¸úV~ýC§µ!ìàö‚cwÚ'Ttžà±#œ@$¾.q	AáÄš­ŽÚÖZ9âPâˆóÆ©x¬}ò±&¿}ñ¼A˜‰ïXÄ#1IÊ·×Îp×ñ¹ÅU.å´ï8pƒ†0bÐqœ—­0qùwÌé¤áà‡vwØäB88ÜÃ¶ú
ý‡þ…hüÂÚJþÖUz#œÅÒâ²-–>„°[2_-xæÂ‡È³¯³´%¦ˆ9ÓYV-ÒÄfÊØ~‹4ÖAâM˜NX/ŠHG²
²ôñfZI\ÖCû,‰ŽÍúg«£&æäM¤Ê+?þ„¤œ[8·²Ik+®üÛm+Ì9Ù‡4ÎyìÞÄEþ!ìÚ.Îk§i»›1ªv²Xê—G}ÁIâÒK;¦Àõcú*éô•ÒM™„vB:¿50hÌ;¯DøM-ž:qEŒñ×9
#Ö2¡8¬|Þ¾5ýkŸäg_âÑÚ@VFùêlMŠ¬Žò2-,\¼.#SÐ}üƒÜâØ·í}âOù¸!.ÚOÙìOÅ|Ÿ»ág»èÂ!¡Ã}¾=ˆ	çgëw¯q§ÍoŽzÕ7Ù²VêÛ|£ô7‚’¥’Èf­´þÐµdB¸FÒé-‰‹"ŒuŽµ84èdÄ!èXõˆ0‚à3àôÓ4!Èjh_^^ñÖ1©Cl±h:ÙqÄ“'¢<¥1xÉÛ¾c‹ÇÏÖ¾|¸…O'QØÎ	ñlýC8eÜü`.Ñb	Qcýž{Ñ=ã¾ô ÖŸyrëæ÷\X×®ƒºö¢Žioo}[[éZpûô–}×Hßˆ‘Eáˆ€´˜ê-AQF,ö:A†§`ñX	Aþ:0VÀÆ DÜ™†‡èÔ!JKJÃÊáD¡ÁHüi+]&ñT¶öÑƒVÇ	!¬{Ëýnf€Å‹Xñ÷}g#dL¿º¿ÝsúÌ<¿xVá¡Ñ½¬¿poæ¾Ü®ôÒ]ÂÞÒ/íø˜ÿ¯Ÿ(\3áúP}²­k:²
!\GÕÑ-vÜöçºÎˆ›`#uL:ÖD–[P¬ö±ké„ ?ˆ°@xD!agŸX”V§ea©pûŽe`!Åq<p·0wR®…ã-"|8o¢ÓŽÝÂ¸ŸÜ³ú âÄ”*«±BD¶%L¿á^µ%R¬[öEß7ý®å'ú”îÆ!ÂpÔ»ke«&ö»øHÁJéßà„&QÉši«ßdBØ"ÓÉÍ;dn}öu.ö[ µ_9ðcÔ¹³ ²&ˆkZÄt³Á@˜…ÝÂ‰IVyŽÒ,ŠÒÉKXÂS™Zö~£Œü¹È?„p=¸WY¼X}@û?ï-¼ø¡O0ÍMd$#Éîm˜,’f ^Z¼° *»_QÃ–qÝD×F_NDÿÄ¥}ë*½î¥–f“•ndBØ;1‹BÊ>1ûnú±{¶OÌ± BGnÐ™³èÐuø üÚr¨ÃÑ‘x‹™Õ@§Oê„ˆM¢Pþ¬üY"‰SùËËq[¬*£ý.«­´sÎó!ìîe÷=bªÔ‡³ï/¼=LH
ëxS‚Ðè#ôA>µõ}ÅÜÝoŒ¨aË¸6úiý9+$ño\ð`à{•^Úñ`ÀjéÁ55&ôvdBX“unDš¶?75hJØ–Ÿ‚°#ø„Û'üDDùè@X};‘ÅQáé“˜4Um«£çg+‚Q~=@ð·í}ùž×ùg@á¸Ð§°Z} ø…â×ÓÚü’m)ôú}Î‹‹TÜ[Ø×çŒhá
Ðw£ûu•Ö¼²X>\¸ÆŸ,àÂV˜!„Õ¸raD”¡oR­iÀöÏšHzàÇšHðõS£ŽØ~ßð^„!Ûš(oqäCtŠ7¡ê˜:ùF|[iC§‹¾À2ãÅëë$ùékF´•Ð·èãžR¼¼øá‚•R¥/ÑÂâºçô°ÀààáÀ:¦Á­³4ÎúÜß­äçá¡ÓÎó!Üž­*)ˆ8ÖE¨)è¾1í{ÚšDY1ÝLNê¯ 
…ëŒ‰KiOyÉÜDc‹Ô>ž­ø‹\äB8mô1_.î+~º°õ–°¾hDY}“>ÊÏ^]˜î¾»03¢„kÄ8áš•,‘D#‹¥‡‚Ò487?ÖLmÌvdB¸€­‰,§ŽRjúÙS¹µBÖ'Ú×i»™­Ydy´ea$ûiÝ4±É
É¯oâ¶0ró#/"1„°.úÂÁZº7ÿ¶Ðé«„hk£òpì…œRü`¡K¿µ;\W‰^¢dô–¾7÷½¨ãú”ü=d°fŠgìY„°î{ŒÝ3#—ö8÷Ÿè`x+ujN¸^"òB¤uŒžÄ½ÁHL²:²2Zó¨ƒ†x,‘ü¤“~žßEîBØ&,O„Ãû‹Ÿ/¼ÁM<l³×Ç=»øûÅ¤ûá9ì¢’µÒ'ŸL{[+«Mxq‡µ’È´Þ’¸Œ¥2\Ä¢n‡IúF›a3£ÊàÖ&ÜÂ´+}<¸Ø·¶&ºÝõvßXJ¬©•¢cd5dQtâNJù„¤ï0öÔµ'ò¹`ÒÙWÑò‡!„kC_Ä*éÛ„opëÀG”­ ¯Ó'þHñ
Ÿ2ˆŒà°'¬òÚ€¶aÚû¡Â'¢´^W)Ž¸ÐŽFáÄh±h]3¼'‘H#1œÙ×¶ÌÎÒI–ìi_ÚmD4ZvÑyø}Km´5Ë1´Eñ¬ã–ŽÛV¾Ó÷„IÌuP9“oá&á§bH–Æ;‚‘µQ%:)VFâ‘U’Û4wOKËOò³í<§„ÂŽÐû¡·{¶x[Á"µíZçÁÚÝÿ¬xYa@I?¸¿§´KSÝ>'äcè¥—³|Zˆ¿¡ø‰Ê‘49î[Ú†Þ¡{@#õÃáH/”Ä ¶D3ÍÅ$è$¢Hä&&µ'âQ#,õQ„%7Ë¹píüŽa;Š¹nPÄNÄ–’v²
åFâ¶î±?¾ë	ÛZGG…WyÄ¦t¶ò™ÒBØGôq:é‹Ÿ*ˆI8ÿekxÀ~^ñJKúÉýG[0ØMƒûŒAœÛôwÿ¾Q»!öa@Û‡€K¢CŸ¤…ÌÆöÏMh%Æ5ñ|¡† $8‰FyèÄ!DµíJ ½ÐQ„¤xÜò!BÅ!µ?SûÓgù;—%¾J Ý	Ï±¤ßU¼á²]9¬ŽÖ<:a'Dy«,C@œÂº#Th•gßS®!„°ÇèÐuÌ?S¼µ¸
1©Oô í¸?V˜êæN_y8hiƒ»­ÜÚJ/ì˜'*½Äe¼ãIƒ‘E80ÜŸ òX	FÚÈ/SÝ¿fcé¦ÖFt‘kO‘Ò¡Û L™/ ŽcÝiÜòì-±hêû3ÅÇË0<ÜXßûÙÂÖšoB´Ó]'7þeAD²@ª VF• ³ç?1Õl1%ÛB8Dôo,L^¾!&ßQ˜ºìN|[è+Y%ž[x	çµ…I;¢„aÞ6Ö=i
üW
–"(Þ÷ÒÑÙƒú¶ÛUØ>îUZÇÃhúú©ƒ›—èÜˆGßÂÎRÙ³±ÒºÆ¶èü¦Œ7`Þn¸µ'bÑ·¶§½ik¾BàWýÂ˜¶É ¨ŸÉ¯œï*(lVHÞ|ªZ‡×5E¾ r.ò!„}DÇì)¾Å¤7¹‰É«è|õ«¦¹ÿqašÛ •>óðÑ†´¢Ñz[V"mÈÀî/J=°kg¬Jâc$;Æ=HßÐ9,‹"-d½ã3ÒÖÃ#›™YúH|H‘ÝµÑmHÛc×þXÅµ;ý™ß‡²Zš7ýÝ–ò)ñòUþ$ãIÊâN7‚B1™2¥Ú§|-u3PÄæçù1·R¾
J-/ž`ûáv¾‹‹Bú(}™,¼X¡ŸÓ_à­aàñ°ÎÊa•…ù±c—ëÈ’åú">ýdÔlKVÏô‰Kˆ@Úi`,¦ŒÂµá:¸m}det_¾ øâ5…¾W ]Cë$=ö2¿¾žÙ^+ãÐSÛSåÒþh9íNûÓÅ¡ÛZ“ioüF6[ç†Æ¯@æù-U(V•È¬kA)·Ã	PÂ.†NÂT¶<ºàn'ÙØwœqÜé“.ŠüœàüÆj?¯‰Þ_ô!„UÑÇ‘>ôº‚%ÉóÞ
ú*k®^TüDáo8ÝÑcDG‚qÌøgšÑ6"/Lx`a½c+&ÃŒ¸#i¸BÜktB«˜ ¼La[âÇM8Ò3ô
}Ó:ddqx@¦Ï´=íŽ…Üô7·v§Í‰3×[Ûbªày…õ¾-±§bU¾õÜÂX$¹‰G%‘iKˆJGP
kq*œ[aòõTÀÏÖå]hí·Oœß¢åß[œçB‹èsêï,~®øÕ‚¥r›­>Ï´Ù«Š¿[|w¡ßKÿtÜçŒ“¦µ)3~Ö¸™zô‰!/íx‰ÂìŸñ¥ÛfÛ;EÜW èšv¡3E÷¢¯Ó˜¾f‘ôžƒ½²¨+®×÷*óG·=³ÇÚ—Ã|Í—+´=4g·¹mqéI9ñ®`[~*„[åw ü\ñÄqíë8‰Q[~¬â»¸LÌD¨Ó±‹c_|áö5aŽÅ0µå¯£v<•b;d¿yyaŸ?¸C§‰~ÁBv»_)z£Û[ºúa#ÚÚèo<L›Bó÷Sg¬úÊô?Ç6dl‚ÁÝØÇbiIKÑ‹¶šD¥x±X®Æ4˜hº€†pï™U5àÓ†$HÂ’† +Ü§ÒŽìÖfÞgp£óåî~Åñ Â{»M´;Çô@£_c¡ô¢Ø}…íLœ}c6:yŒú9[$Ì…"êlu üÝ$âõE‡Hü‘D(7á(žN\j ¦Õ5ÈSzñÄ—N<[¥Ç-_å ?yJîfxM¸øÃ{ë;„°[ðžÜMu¿¡ðäîá–ÿˆ²6ú>–op³J>§Ð7¥/9=Œ#¶wmË—¼« íÁ‹:ül½N\Š'~§7ã>2Žûïî-šÀ·°	H–Gë­Sögj[<zdd±–ˆs=ÐBLö‰6}7?ºDù@¸ypÖÚ„¡ôP®}úþ¤<¦nˆ¼”…œ…òM…¿:õ´·ðu#®´S›WF»»àöÁn•Ù¨\„Û%·Ê'
	GÇUQüMJX»]\y žRÀÝiÝ°òm+ÿImŽéØ.®²ØŠËÎüí;¦À.ò!ì}€©G_µø…ÎÖ`>níµ;Y÷»>ÈZÉ/~¨ðV¨~mD	'ŠvÅÈa 7N8zùË”¤ ûÔ-k’7Á{|jÅÈæ¤q£[<zùÞ|’xt¿ô€ñ»ÓM¬ˆú§hš0DßÏ–ËôKË4ñlÛuö°àøú3°ÊE‡ô>ÂÏV<ù€SAÖD»qÊáÛº¿P¼§ðð¢vœ)òšìÀ™WÚÜíD{ŸxkTÿ¾h¶àv!Ü´Òr‹.šæòS‘D')Œ¿5©'‡[X_èš‹2´ í-¿.«cô~o¡L»SÜÞ¶?wáj1(ø¬†Îõí…oNê7îÅm)Ü·Ðÿøáƒµ’§x~¡oÑŒ¨á„Ñ® ikè—v>]°´ *	c‘5pÆ«uÚå±àÞrg‰Eßo…il÷‹d‹ŒÇ›Üo}}ˆyuOô÷®‘«1ZC<b’øg¼âgÜwMõÊàÚÊCùé:‚î°¥7¹èBØy);ÍA{°bÊs“siZPz`ñ×/ëÄ‹s£g„¨+sT‚Å…šoáBÛòk\ðw\p©­ŽŸT¹ö	IªÆâÆß¾œò·8Ë¾¼•MÞüå7’œ1Š{¶Vµá7ß†ÖÇ}hÀ0ÝhÝä¿*tü¬EÝˆ3¢_H÷%úë²¾§øáâž‚õ¤ûœætÛÒÎ´CÂ‘•Ò ï!‡PñÒ„öijœ…Km³Óƒû˜1Þ;±—4ëm‰ÈkÝ‡›ŒêRÝ]ê]ø°Þ•˜$ÛÒ(-@Hº†}|ùt8QJ\r×ó¹‰J}AÉ²êw«1aišÞ¹Ú'B;|ÖE•Õ9•fc|ŸÒœ³ðu%NVŒÌ/ö".–‹&^Ç1Hô“ñ'Ž¢QØ×„‰CTJŸŸ'q ¾NÃ1ˆVÇ“Ÿ­c
·ïØ¶ü„9¶}pC„7‹û!„óq¯²:èP½Œ££õ99Qé~gD¿	÷Ÿ{Õƒ¡NßÛ¢÷/+î,ôÂGô.D3˜hV­—þÉì-pSªÂX“´Í¶*á¢vz¨ÇúþbÅó)/µ½¤¸» $…¹G’ Ô	Çþ¬o)ë0×ƒxlq¨¾›)ƒB™çûè}a“Ç ûÖ¶t5ŸÎÕç‹¼8ä3Ž´…pñóYå€6£Ïcý~waV†5\§èK±q‹Ê>\Äy£ågŸà›?±éIÉ¾E#°%u Â4k=ˆMûž>\h“[šn`òÆ­Qñ'`Å†.Ë¤4‹á}SÃ^Ã+„“§­:Tƒ‡ïNzÛÖàÍ"áiÞ}Ô÷wß³îÇ¶,ä| Ù` Ì=9 „0C@¼3^š0N h“üXÏZtj£ t´Ï‘ÕÁâÞ1ÞÍ
ú$K¿{ÌÔ6ãÝ6Æ2õE`±Dzëù—
—ê¸ëÔ5iF²­áœ¯­s2¾ëSX'}@pö2‘YbSßÓñG+á|õy¥~Îòh_úAínD]Šˆ‰™_ÈvÛÂÅ²ï‚v„¦Àß…š”gÑ‚ètãh¨®}þ•tüäËÒÉ¢Ay*sC§¼¼™Å™ÊÅ“Ž×y:?y:þ¼¬Ê©¼Ü!þpÞäáÐqŸ”Y ¬‰"$*t¶¦{Ó=#ž¶ï>t¿±˜–2ÀõT•ûZÜ‘uk¡o†þ[Ûd¥4ÕJäp³R¶°dQgU³ÎÒ˜0’œ¨to¹wŒaÄÿ]¿9$ªf.«.cTÏd¼±%ÖßR’¦€Õ#9E*F²kÁ¹§: *Y(Më«cku¥ÎFÒ¥qN¥¶C8û­,+¥å,”ú¹õR"®‹’Ÿ†ÓÛ·¯‘xJ±¯ÁÛÚO#"
	DÐÍg3°™W¼ü„ŸÂ<é¤¬†#û¯-?Ç•^<~àîÜåR¦†?¿ó¸]X»Æý§M{8óÔn€1åmÛáî÷ÑØÿÝS,”î¾7¦CØÚ¥ÁŸP´Õç”,“¬I¦d}öÅôlJi´YŒlöã‡ñÇ8EDù¤k¤å#Úøw$kÑuÉêküóðèMç_.|”ÀrŸïºÞô#Æ[çÌRIL[mköc>³©îF²• ´ÿõ&(Yf[Pª§í¶¤³ÛSz :¯!wX3ßçv“i|nn–H[‡œ§e…À4pÚò7 jœ„)qé†Sù—FñG‡%Oáò—Î@+L™¤åg‘yCµ¿x.ÃÂµ£mBûÖ©²
u›…6®­»ú¾Òf1²aëèOíPûd=³e¡ô†®¿øÄUM¢S¸ø-0²ÜÜC¬m¬ûÄ¬d‘$,ÝoÆ±Mï1õ NLi[‡jI‹å-¦x=4úÂ5¢ïÎÙ8jöðÊRI`ûü˜-QIp®[7Î×qY‚ÚŸÁJýÞ2m%Þ£Qi¶s„õi@äÖÁ5V7lCS˜›œø´ßb’à•Î ª¡û³‘xÜŽ„üämÇ&T•Gzûü•Çñº¬í¶µßþ!\£	OÌÛžýn›Ã+„ -ÚŒ¤%„%AI „B¥À– %ª:í.pïèïõÿÆ³e^:!&}ò‡UÒ2cŽ±FÜ‘t-œ+ÑD,ª£÷o.ü‹%Rï0’ìúc¥ú" ý¢Õwl_\ØWOâŒèKÓuc6ÆÃˆ_Ì²RjOÚÉˆv!éOœù@È±qójds¢„¡-A(7	¢UÓÍ)oŸØ4h+Œà$Då)¾tªpaòÔˆ¹Ý<nt™¥·…²ò‡ýù6„ŽýA O&,Y%­©4ýMLÖ[¶Á­ÿm¥¯•#»+A}y÷ûÄ"Ë£µ€^6á¶|„4Îˆ«ŸY¬…óR7Ö›²BD“%„·z¸êsß&êCý™úÿÞâo¬”êl]A	u¤}ü»âçíÅR€Ëê&ƒl¸7üpÞÄÔ­F6y¥F,LC×©é¤ˆAè8ø“¶:<é¸Y;ûíD¥cI¯£!0mu,°vDZœØ”/¤™ç	„)+”âAØy,†I{»ø!„°è«‚‘5’X²õ2™—-o‚³DYoÉZ×âR:é›‘åFŒ.wZ¥ÿgX`‰$ý±†5ÒÖ¾þ]nÌØVk,±.ÐºH¿N½¿`4Ýí|G´ƒBÝs‰oŸ"û›Å‚ÒØ·NÝ¹ÞÚ‰oOúSŽ5¸–h·kÃVéÆk‹n|¶ÃëlZÃ–Ð®“Ñqèhl‰G7¸ébQ|¸Ö‹èhˆFOÔÒ¸yQ†ÎAxwVÜ¨|Å‡<ù¹á¸mCzÇ·Ë©lü”Õyð§rv®óm!ìú,è¿ô}D#+%@4’D–µ‚,™ú]kåKìúâîÿš‘ý¥è?õ£¾©l*–`ôòd_Ÿ®ÿÖWëÏÅ×Ÿbd³6ÊªüD3aä·©¥ó5V¬r.ûˆ:2†±P~ñ#…tò®Çu)Ô‡q°—ÞÖá²èªÇí2ø…qQ#çùMnß–È·¯£òdÖ¢?‘iŸXÔy
fÕä'Oð·Ï¿-¢òÕ¹J§S35/L<7¥I‡ª³ƒøŽ--2•Éâ+Ó8ìÙÜ!Ü–»{{]ÌB8nÜï¶ú%ý'L‚‘¨$&Y,­Ôš
'Âú[–¬SúW}¡t¶òÓ¯u_§táÜ„"¡C<ú¤ë£¯ 0 è›ô±úSùl»?"ˆ‰eoh’>}CH:®cÀD˜”«0õM¼óQ–F½¨máMÅ/,ÚD.ª³"á ™w<Üh·ŽÉâÏV‡§ƒkØÑÈ¿­šüutý´L¨vJdÚ—†í¸üäy:¾R¾Ò¿ò¹!…£Ý:Så_ØÎ©ÃüÁ=‚Ï
ñºcŸÇi7æû¶½o;·]„ÿ<æû¹ûçù¯Ë:ymóø!*îpëŸX#ÛÉ-LŸHXZWÈUÄ%ý•¾”0Õïèãô{ÜúO'"‰J³Eäõ•Ý'ë¯ÿ*îGçD[ù3…7”	ä.ëˆv¨?c‘þòâ'
k(Mó1eYÔºò™ bÒ² mÀµí63'i8jºƒêü7™­NM˜›„Ÿ›’(lá¨ãssé€ìË¯…¦Î‘¨tÓÚ)_/·§c˜0iÝ:]Çf+½­8ÊÁß±ºÓërÊSZåÑñ+£<{M‹8FðÊGzçd°ï8âÚg‰•^¸­rÚvÝ8>·-”IþÒó—·<¹Å&/þâËÂ¤Æß~§ø»Óq¥“#ø,¼ýzËÏüúòhw‡ÙÚoÚî¶Å¡à‡öã¶"ÃíÂ6e^ŽÉ#ÜBêh=ºÞlý„ûÚ}®ï2Î’ILª_÷±p÷·>Ê}®_$ õiú}¤i¦ƒ^Ê­d]³ö òç ~ÂF´£B}êÛ½ÿc…—ryc~pD[Š®?_ (}.ˆ(÷ ¡=Œhgä&'ÍEè¥LghK`ºA	;‚LgI¼qsÃŸXzqäëi_:xÂ·ÕéºéMé¤uÎ¦¸ÒãÇÍŸè# uòuã÷1tæÊ¦3×ñ+³2‰cŸvÊG;¾rÊKÔ…xüKþž|MwXäé8ÊÈíÜä©¬üå%­üùËËyJ/BXñ…É_:aÎS˜28–ÉupnüÄW]©sõ!½cq;žó–‡}åà–—|„¿üŸ?wÇ—Ÿ}ÇÎ_Ž+L|ûÂøA|ûòæñÀ-|Mq‡ó\¤±½(÷<7¸ùÝsÛyÇ»SÜNw×vxí®»kìú¸ê»¯S3¢†q½õA¶îu<‚&KV×-·:wõ5˜*¾˜"_Ú ËšIüoÿ=…éîy™õ®ß'(­Ÿ|uáå&ýâªõ¯®ŒD¸%¦¼‰Kc60¢Mä¦
áæ7 ¨÷mû†ÒY‚èÐy
Ó¡¶·¸ömíôt¶-P¤ÑDœu˜N‘¿}i‰,qä%Œ¿D?Æ\ŠÃ_òÓŽü”¡Å/QÙñåyêPÄ±ŽŠŸu8:åpleç&…;A+ñ”Gþ:r~Ä²ÅÜÜD±s‘§²ÈG|uêä#OâÓ±”[Ý”Ê«lâÇD¥¸Êª~Å‘·ò9gå“·-„´ŽçøŽ­üêÀË[ò¶/Où8ç¢žÄÙ|róã–—ôDs§weëz_~âw®rw>Ê)®}qY‚¸ÅulnÇ’F8øËG˜2·u)-ä+lžk-žmçi_|~Êo+.w§é¼°è–w§³ßî¦ã4‹q1Úßnõäåõêœ]w8çŠ.ÿEÈw8Ã¨ëá¼aÓÅ)†×µ¢Í² yký]Å[Ÿ¸Ñ'Ü®ÜÇ€:wïyçÞ‚…ò¥…þÌ=0¢-¾€(g™|]ñÂX ïQ&rÃ„°E6é<çpwx½Å:Ë¿Ý:ŽÉ£àg_gÊv—Ÿ}J‡XAHÙê$„‰n0A'\ÚîH„A<q¸…qË› ±OPâqè»Ü]Çç'þâqŽ×P¸<Ä%ä-¾0qÄmÑDÈqó3ˆÈËqäËÏùwÄ¡øÊJô#ŽOàÊS¹»nÔ<í·¿ôD¦2Ø·FKì¥/.pËòìò(K—Ûy9ù8Á-Vk¢Ô9:6ñ­œÊë|Ô…r(ƒ<Äáv^ÜüG\”E½8®ã8¶<ù«et,‚]¸cs<ås,þÎSÉKÞ®ƒôÜÊ¤ŒòQWÒ)CÇqlaòUÖŽyö±íS_Üòîœ”Ç¾ò‰#/iäïßÔŸ,Ïñ7K·óSFnñ;yÊÛ>ûp\[aÜ¶aÿÑ|¬Ý›Èo+¼<â¾ÖNF”£F[uŸù{Ëä+
–JÝî§miÜ÷þôÆ¢…¹¾Êý2¢DL†p¬èP”c÷:Ü¶÷Ñiz‹¹ÿªtºóòà×Ûy<ØïÛV8¸úüaß@!>qzÜü¹u€¶öçÂ†?‘DÌÆob*‹}±´:ØŽCÐØÚ'íQüÅ'`ˆe“ŸøD·<	+[\iƒøW‰!þÒˆoëXÊíØ¬³ü‡ÐSfÇfÅ…´ÎOÙ”CþÄ$ÿ†Êd Pnû-vÅkë¯ã)«cÈâs+·tê@y“VnÇ5ÈvòtN>Ãêa —[|ç¦\òQ'ÜŽÍ-å'º•IÝˆ'Ÿ¶i+8?bR¹Ô‰òÈ›Ÿ°.G×¥:ÇqÔ‘8ÎÕ1!O8voÃ~á:j‹,h?Y¼½`©Ö~F”“Á=å¨×ÞðöQxmÝ=:¢,…:õ`KD”ðæ¿þcD‰˜!&Ý!êè&ÂÚ¿Ý¶öçn‚À>ìóo÷œEÿ‹â5‹a¿g¿épaDQ»ùwšv[Äýö—†›Ø!¦¸‰!ƒ'·üˆ)~âò'’ä×nyr‹ïÜÂ…n ÇêÁC<ÂË¾Kzy+wÇ!à¤•²É—X#,Å%Ø:ÖTe´OðI/1'?ù·O|Jßyu‰c_<áŽ­Ê$|—tê„p•†?a©|ÖKO$KKü:Gi¸åéXâ8/n(ƒ¼¹•×¾m¸^\V}/üTá‰¦e]çådÐÝc¯*þiqO¡k»#ÊÒ¸7Ü[,½ÿº Öí«oáiì!„°ÇÎ:ìbòœqQÿö#pìÃ~ûÛçžûÃ>¸ùÃþpÞäîøs·­}ÇåFÇ!òˆ»á}v,þöú­¸âøF”)_ñˆOys‹Ï_¸4¶Òw\¥ÃùÕ¬VÒÎ.ÑHXœÒ
3%(œ¨ß–Ðñ)œ e½%„Ú„¦´ò‡›Îé¢Á[Øp†-ázzIäõš—Gæ¢ç”Ð¾´Å»Š¿W¼¶¸£ÐNWm{êOÝú%1ùkßÝÂÓC!ìœu·Å4s?[û„à¢xí-Ägìž	P<ƒ±}ƒ&i &$‰GK~&QiË¸$>¥—À_~¨üÓ>·c96?ûs:N¸uè¡Àº¾Ÿ.üéÆôlžSDûñ°ä›“?Z°Rz»[›\µm©GëÀ¶°„€h÷À%,4„B¸Ý{Ü  í·5Ó¶§­Éä&­e¡ô6-ÁIlš.'8	Sé ñÅå–·cÛŽCž‰dÛp+„°_p³D»v#ÊI¢ÍhS>fþ/
ÿïÖöVmKê‘X÷f7ëäƒ«ïô°6â„BaZø‚¶¬>D¥œEÒ>ñhß– lqÉrIDr÷šL~¶Ò­9}5Àv..áxáÏ—DXK{_ño
[k'ù('vóŒâŸ^ÆñG"mt/5Í.Ôñ/ýÅŠ•3
!„Â_Àbƒ*XÈ¬ëôR·Þ½qî%kÌ¼YìsV3Ó„ÖôùŒ7eaMš¿¶ðÿÝâsEÿÊÐ1lƒ8ècO…(NY\ªoõõ–ÂË7-rFp(¬yô rwa»Ž˜þùB%ØÕsÄd!„pEx¶r=¬;D&KšÏù<‘I8™>»ÒB³!ŽÄ&-!@¬öEh1yj¢Rì*|[RÝ©ã¹Ð>u´	íˆü®Âú^óUÛJÇ×nÕ³v©FL†B×‘3™sK&Ë#aDh¬’ 6Y,ýÕÅ .Ž}z‘^ž¶òuâr:X±ª`84ˆÖÞwï+Ô‰zÁaàÄr	/à<­°ŒbÞN–¡Û’:÷s ?ÚlÄd!„°„h¡	"¦‰HÂòñdíš©]:áùÙÂD¥õ™ò”‡<‰†c•ÎMÝÜ_x1ÄŸZˆòÐ¶žXôqÌ´4Ú’|´;ÖI6“!„Âcàfic‚7j	KÖJÂÒ€ë-‰LâŠˆ…“ˆ0²<k¥ód¡íµ’§úòe ¼m‰Èg¦º=t¬ÚÄ——Ï.ùU¥µÀ“!„Âa '.‰LkM3—ub’+X+‡ÖVZÒ·°\UHìÎƒ%ÖßXˆI/0±âòQÂêÆµ7ÍíW‹¾AÙmaY´hƒÄ$eÄd!„pÀD¢Á¸dó2)_âÒ›·¦ÇY*mY+ûå‹žæäž2; ˆiÓû¦·ßSX+Éo‡sÐVðôÂ‹8>Sµª˜„ö"/„”“!„Â‘`€g…d±ƒ·n‰Iƒ>>X°X]âù6&A)ä±Ž¸ØÊK@¾½x¨p¾#(\€kí¯M/(ž[ô‡öGðÒ“°^ò#EÄd!„pdLÊ° ç/ð˜ö6ìM\VJ~-
ÄcÝ´ŽŽÀà?²ÛK”Ï?qì³@“—ãAÁË_Q<¯ ,×yxP÷Ò±ˆûÂ@Äd!„pŠ©îa¬œ¦)Ç;<{šô§ž#ùÞâX\	bzx‡spM-q¸£`™t]ï¼2êÛ’ŠˆÉBáÄ (Y"­¯ôF8ëk%J"$<ú7‘„È”x°FÔÛÜÖLÈÊ=‚Â9¨Öjot¿¨x|±®˜Ôäg-nÄd!„p‚´°°v’(ë©ð–D¦iÌ'¶sÑ±ÂRÙY#­Ù{wAÔ8§.Àµó?x/àø€¹†M®çdÍîB!œ0„˜žeÞï†û0ºu”D‹–¸Ä¦„;‚˜´fÒ4½5“^6Š˜\ÓÛß[ÜY¬+&¥Qß“!„B¸–H"ÁK:Ÿ*Xÿú—o.¾¶XG€lbR™LsûŽ)ûˆÉË!ŸZ¼¦ð‰ çM®¥k1B!„[ ÌˆJbÁzDSàü¾¡ &ýçY¼]½¤£läƒÅ{‹?)”o‡p½¼Åý’â®b¾|aUz× b2„BB yY‡X³FÑoôX-Y¸L—šß…•ÒKD.1ù@aÝç
à:¹n^¼ñœçý‚Õªh®µµñaÒB!ìÂ˜´Žò­Åë
ÿÂöAtVKVBqFô+Ç±XÅˆZ–S‚v…K`™|LÁ*©1‚VÆ[“!„B¸¢Ã/¿WøPõ›‹×-Luw›“UaecU#Ž¸‡wXEëa‰Ááµ2®5‹µŸ2ÍB!„¥a…$"üÛuˆÿxögëï®CÜÉ¿ÅŒã´>mÄoD	ç Þ¬w5Íí8Ï,¬}å?¢,‡‡þ4S,“!„BX	-ÓÛÞô¾¯xCáÃá¬T×e¡$€Lo?ºðR;‚Âm ø‰ÿo)¾®XGHÂu¶NÕ§¤Rñ!„BXJkM{Ï¥OõX_)|D½V–IbÆ´íð·àöñÍ"¹®ð—ÆõuY„#&C!„°mò"Îû‹_,¬¥üÍ‚È#8Ö+ËÒV5åX×ÂvJ“„¤¿±Nò[·Þ\[ÄdÖL†BamˆE–AoU[G9½Ý;D‹ïzIÆÔêˆ¾UL·©ðûG‚Öþ
¦µŸQÜ[¼ ø¦b1éš»ÞêÝã#&C!„°-(YªX$m	H‚^úXG´ÜŽÎÏTë#…ß>:®²LÂMøÄ½¿Þø•¢—oü£{ëâZûÆ'!É"iîB!lÇ2è3A>ôöâ]…—t>SÑ#êV ‚¬ÿó"‰ßúÍ#Á4‚Ãê‹•Ø‡æY$×ý6§ëlŠÛXÞæÏGËC!„°5ZPšînAéåŸï6¢mâè±ÅÅ·Äå
“,‘+6ý¿ºkÌmIƒoFL†Bak´ d¡ü­âÅgŠ?+¶-({êöÛ›|êæØQWÄ7AéMn×#xi¤±œà‹…‡oÔGL†Ba«¥7}?Q|¨ (	mOw›®em{Jaú–hAa@`³Dª£»K¬i]Ux»®ÖK²J~º°N5–ÉB!\	„ñø¹ÂT÷{‹¶PŽ(Cµ˜´nÒT·ýêÄÔöwO.Xs×Ý¬e™d}v=#&C!„p%¬“¾;ù¾âã…OÊðQ6†(ê©nB)SÝ7£.¬%õ»ËgêÈþ:uÔ>ÇäÅ¢’_Äd!„®BƒåŠøøXñÁâ·o›.Ñ6‚(2…ëCÜ>{ó˜b…¢ëç	ë­úá7‚—Æµ´tÁËUóO1EL†BáÊ`…´®ŽøøÕÂ/Y(·)(MãöT7ñ4‚N–[õXGH‚hdUvYš½|ãAÂòÑòB!\)„!CŒ°fy«ØË2¾yH®+pæ­¦]}ûÐ:Í¶šà“D½zs›ÅöŠ{
ëJÕÿªuÎ*é?ì|?Ô”·°ˆÉB!\9ÄñAð±h“Þ*~t±Î›ÅçÁÒiÖz>oÛ?eAI4²Ø>¿ &ŸSø#Kåˆ²®ÝÞÌÿ•Âr…/ü…GL†BáZ >¦¹ÖÂK Öï•¾}HPŽh+ÓBÔÄª ‚rŠtb¨‡^+é÷‰/)žX¬c	v½ôKX%ÿ´Á“!„B¸>X
‰b„€d9Ûô,–Pbédyc¡ôùë5OÑ:©nÕë‹—Ï.¾±POÑ.Å k²u’~ùPÁ*I°(“!„B¸>;ÖBë'	bÒg}L¿@#ÚÊHÒ›Úµ¾ü|áEÇ9%A©.X{ŸQ¼²ø¾‚…r«¤kÅ*é[¡ÖJ>RX:‚'"&C!„p­v«élSÞ¬“«®ç›C(I/IBÒT7·ãhG:ðíÍ»Š{ß—ìµ©#ÊR¨G¢ßgÞ]|¸ð¡òÅºŒ˜!„ÂµC¨“ÜÞ8&&MÃ®ûAíFZ8/'žˆISÞ¬i}¼cÆùå>“ôŠâeE¯•Q–†…×ÛñýI'Ÿò•k7¢LDL†Ba'wÖNšJe¡||Ñ4¢hD[	é'ù¦¬“¾‰hKhG‰sWwÞ’iñêâÎb¿¹6¬’¿Q¼­°VÒKMçYx#&C!„°X¸¼ŒCL²¦y³›u’¥rA	S½ÖÊ‹`eô"‰c(G‡sv¾þÁíS@/.tëHG”¥!¼­•d•ô9 J×jßDÄd!„vAÉÚE¼C,“¬ŠD‘ýu¥t,”¦Ï½Õ,‚’µÍñwD=
ÔUÿ£üy…—n¬™TŸ«Ö¡úaÉýha­äG
VIÖÊå&"&C!„°3ZLZÓÈ‚È b¡dYÜDPJkª[~þ¶#Ÿ¯ÖQ“…’— ·Nò‹¿]¼¨`é6¢-…ëÁÙk%ñ™ÂZÉå"&C!„°SX¼o]›ŠfQôÛ¿ÇÜëŠÉÆ:«k§cù;Î1JõÒBÒ/}œÜô6Ë¤O.™Þ^§îÔk¤ïJzƒûvVIDL†Baç´EŒ˜´ojz¿[”%ë¤—QXBMw³†šþvìý`pN„¶z"$¿¿xUñ=…O-±ÈŠ3¢/…z`d‰d‘ômIn×eD9—ˆÉB!ì¬_ÄñÂjÈâfª–EqSAiÊ»-”D%‘Ê¿§×ogyÛ7”›Xô!ò{Š*¬‘ôïm/Ü™#êJ“m•´VÒ_o¬$¾G”s‰˜!„ÂÞ@ÐxD+ÑDø±(I„ÔˆºÒ¤ò2…~GAXšò6ëXû.(QL\³>úüõ‘Ä¤—mz¤x#ÉJ,‘ÞÞ~_aÝ¤zqMF”s‰˜!„Â^AÔ”¬d¦£	Jë'‰?bIœu“4heçÉ2éx¬¢åeâé:Q^çlý£rÕ„¤n¿¶ (íoj½uÎ„µïI¾³ð}Ée¬’ˆ˜!„ÂÞAÔx^Ê!ò?k(	&áD¦È+0’Ý ÎLw?©xfaÊØä¦Ø{Ú{W¢RùX [@šîwþþdãÛ¦³{j›Gü‘|eœ'Ñ8·Jú¯9«äˆr["&C!„°—tQIøN„Lyob‰“Núžöö§˜§D%q&Üñ‰¬qÈ+–sIØz#Ûw#‰Ýç/)ü"ß]ôúÈM„dÃ*ùkÅ/¾/É*ìüGðm‰˜!„Â^BÀy‡ 4ÕíÍeâÉ”.ÈMôèk!='OÖ?bÒdX	Xe`­$¬¸1’nŒc‚D­ós<ñ)Å³‚Ñ6þ¯}oÁí³?Ö{›Ê-‘ÝZ8/ÓÙo-Þ[|±`Q.%b2„B{ñFPÚ[‹©_bRœMˆ:ùÉ—¥’EÐ8ÑFh:áÅRi+¿fÊd	Äícù(»5›sécã¾éS?ÖCúÔ—kHÓü›~È}Ž:5¥ÿéÂÿ·ßQ<R°Ñ.%b2„B{aCÄ°óÖ2ai:˜UoÂ
òi+!QI¼™úþö‚Àt<Â–˜ã¶%
¥•®ý¸ùµò×4ª){Ñôºh³>Â:ÈüŸ\Î§´ò“ä¿	ê”(þýÂ7%ßRôô¶zÑ–b+•B!„pÕx¬tDëu„½Æ‘ÐÑ¶Æ¤^o”©`ÁûPáåŸ‚)ð/ŽOèÚgÙë7¡‰G[ÓÆ¬Š*aÊêILÚ²‚ò#ÅŸGåØ†xœCHÅ_(~½xcáÅûÊ)|D]ŠˆÉB!%KáÝ…QˆJ‚Œkàˆº5ˆ«‰„#I,™üþ plbÒ´±¿ø°øf"1)®užÊ
–I’•U:ÖPã°W‚sQ.âØ[Ûo.(¼ÉíÍyá#êÒDL†Bá` 	7/ãxAÅ/}sÑtôc
¢ìª%ÚÊÈ²ÇMdaÊ~^"6Å!r¥':½0ÓSôüY û%LºB”ßÔ¶²ù–$!yñ¹Â9(ûˆº“!„B887¾§¦»_Y—Df[ùFÔ­C”õ–8³zðFûfÜÊÁß¾í¤8‹.?Ûë@¹XVY$ßP¼¿0eOè*ßˆ¶2y'„B¡fêøS¶¬…¦À­Kl±†«kòlc~<ØguË#ænqFòk’Ä¢éù‹×>d$!IdŽhk1B!„ƒ„""­Q4MSÌÖ-tC»]Û4òeì¢D·©x¢ûÃÅO÷¾%©®6’ˆ˜!„ÂAÃêFPš²õÆµ5€!É"ÈH4µ˜Û…¨Û„$aís?þnós‹$K®ú>¢nDÄd!„JÓÞ%1ù;ÑÄpò»@ñZT¶"4m	çæ<ûÇ/ÚøŽä»ŠUÿn³'¡ÌC!„püÌ-ŽýV·ÿZÃÛÓ¾ñèá>îs<Þþö‰žž
'ÂlG…²ƒpf©%žû‰þ·MTZ l$Ù“!„B8JCB‘ä&¿³ðnoûÛŒ_zqÇÇÏM‹[o9²Ø[†v<{›Ü‹4¦´}óÒ/M÷û£iíÏ¬”âä[%b2„BG!iK$ögƒLJÔñJVË'ü‘¦ãuÚ]ÓBxd]ìï\ZIH~bð©âc…ƒm®JH"b2„B'qHXÙ‹,’¬”>&NH—þªsoa*œ¥R\â²Óƒ»óá¾*ƒ€´Î‘€4Uíe#ß‹ôññ,‘¶Ö‰
3ÕbSú‘Õ•1B!„“†¨dµ$[<«¸§xvñõ…iñÇÖW¦ÎÅç¶ÙÜ´fsZ@ƒ¦®Y}Úç+…ŒL[³>z™Æ¿Â}?Ri:íÈêZˆ˜!„B(ˆABÑ?´ŸP+J/ñ<½ 6M‘ûÓŽ¸,–¬›~‘H”bdwf»çBø[ZnÓÖ,¦¨}XÜ[é¬Ž°Ò¿½P#oÖJ[Lî€ˆÉB!„D+%¡è¥["Ò‹:Â¬©4-Ndž¦É½ØÃŸÀ4=N`ÊƒÅÐ”3&ÁÇÚÈ_>üMKÂäED¶õ‘´Ò§ŽHSÛ^°QÆ‘SwLÄd!„Â9°,}¶Ä ñHÄ’!Á¿qdµ4=.ÑyG!ñÇÂH(Ê“XdÙ”ÎÔ5‘Èò(®|FŸôùdÁýG…Ïü¥Ä#Ëå¾ˆÈ&b2„BáJrfÃ	ÖIÓâÄ$+%X	E/Ê˜—–%’$L	IÖGb“˜dÑßÚHiX1¥ÙGù<êQÿt-ö26    IEND®B`‚zD –¹ûßwÝã(%JÔ<Ìï®Š$  œA`Ïž¾mô2Ãÿeô‚ÃZ|>Œ`±¤@ÉØ[úŸ9¾t”,X“ym§:}Wu×è3ÛûB-	jÑq‘ºàºp €sètüöxãxõxÃ(yP°ø°=fðEã‹‡$Áé”\)©òUãGÛqM:“¾çÞIÑ_f–,ð¸·ƒ  œSAaw{üà8Qð;£VW4–ˆ¨¹{AjwÅ×hG‰”þ®°¤Ê_çMè4Oßoßs/µì{¨®5n,I  ¸€Ãî&÷Ã76zWÁûFÁ{äy‚ÐÓÚwÁ[óÞ¿KJ” øºQk‚Æw»õÝ–$*IPw†ísW  8§’ ÝÉïåu4zF}£O½\°&î«ø¥ê±‡Oþž±DEÃk'”èñ‚çŒWŽ/çIô÷}·Ýß<~sHphI   — ;ù‰ŸýóÁëG|hÔ$½é«è¥)Ñûº+þ´QB¢qk2'”èQƒ^öø•ã"ï#¨A-ú~?6jM²&Áæ   —¤»ËÝÉïïKüü(YÐË¯"Q°ƒÞ^À÷ã+†$Áƒµ½jÕQ’ ½ôqM:“¾ç’½¸²Á'Fï$hü*7–  \¢Å=v°½Ô°ÿä¿Š ² ÷É£¿AüêQÒ`Mâ„’_0jEPBåóGãÖä3é;î=ZòïÆU´GA’   .ÙNÔ¢àãmã££¿É»ìDA-zÌ Çr‘&ô·]Ûª¤J‰‚þÙ ï"kò©5Ï~´¤äO­Ö$¸ñ$	  à
H–(è¹õŽw”—}×¹fóÝÆ¨}ÁðšÄRâ¤–m£Ñèe’gM¨ô½ö’ÊZ|düîÐ’€ÛÄÁ  ®HeIß=rðËc·(XE.¬ w'	z/A4¼&³´MzÄàÇÓÇE^òXB wLÔ’ Ö"—ù}Â£&I   W¨€²Öï¿:ú«¼þ:¯ñ«È…ìîG
€=rðXm‹ÞÕð5ãù£mÔðy¶ÑNüô·“½°°dAãÖd¸ñ$	  à
@v§¹ òýãíã7FoÆ¯Ùú*v!»5¥ï¯Ÿ5¾|¬IŒ½}¾vÔÚ¢íÓ¸5ùÔú.{„¤—Rö×‡=jÐ»	¿ŠÀ'I   W¬V=·^Pù+ã£—™(¨9ý~ä ;æÅkÒWK‹”¬Éy)P+¾ÇZ†ôÒÂþ
qM†[ásW  ¸B˜¨™Ý}î-û½d°ÿì/À?oàz¬dDÍßûïþÞƒà.÷_´"èŸjañ=ãå£÷6´ýÏºÍkEðûã-£DÏo=X“áV$  €‡¤ ¾ ²@¾;Ð%	zËþó¼iÿ~j™Psøž—ïüßåDAÉ€ZX|Û(IðÂñÅ£–«È©ôÝýÛÑ?UüÒè±‘OÆ¯"p+H  ÀCTPyhó>zy^ÏÇ—,è¿ûK¬bg¶uS¢&Ø–(8ºcÚû]¯ß1ž:ÎÓr£ï«ÄË[GŒÔŠàß5nI  xÈº³_ÐYYb ;Ýý=_íYƒ×cÍ[ \Ë„î”×¢ ¿éë}w±5AÛ¶íú’ñÝããKGÛ)«Ø*±SëÞCðúñÎQ+‚1«Ü’  ð°ww¿÷h–$èïk_`»ŠYoó×Ä¾ççK||ô‚Ä–s—m‹Zg<g|ïøk£çiEÐwU+‚7ŽÞEðáÑûÖd¸U$	  à(`/pï.uÉþ‘ GjMpÖçå 7õ×‚ AÔßòV±[¯mð¤ñ¼ñÊñü±ßý°ŠœJÛ±dN_ù‹ã×Ç»´-¹[$	  à) -IPoà/IPsøÞUpÖ»ÝÇš·;æ_8
ŠKôèAw¿÷òn³>É–þòUã»Æ~Á*rjµÈèß"ö_Wö÷‡½|²ïn[E’   ¡‚öÞMP“öZ<eì;Þ»«Ø™4_qõ•p¨5Aÿé_· w»•úìm»þ5â;ÇŒçŽ&M[ÅN¥ï¦Vï¯½‹ —AjEÀm&I   Pw¤{‰aI‚î~÷Oµ&¨eÁE©É}ÏåWW‰ˆZô¾–µŠÜ:}æ>ï7Žþòðe£ÄKïiXEN­„Jï"¨A{X‹‚¾«5n%I  xÄJtwº ´ ·–µ(Ømø¼‰‚æ«EA1ô–ÿê/QÐÝñ–×rWÑ[¡mÕ{z	ä·Ž^VØ;	ÚžgÝ†mŸZ^¼wô.‚wZÔº`[I’   ±$èÝño\m-
j	p‘DAóöÈAõ}É¨ž?½§à6µ(¨ÕE‰•ÞCð7Æß/µÌhÚ*v*}µØï"ÈGGï"XEàÖ’$  €k ;Ô¦ýAÔà«Ç“GýçMl=ÊÐ]öZ'´¬?·!QÐvÙ	‚gWŒ3¨%A-ÙcçÙvm›Z¼~ôZpWH  À5±ï`—$h¸Gz_­ 
„Ïì¦ùR¢ Ö½Ä¯–=vPë…ChÙ«øÑg*Òv*Að×Ç÷¿:úKÉZPTf?•¶C-j9P‚7Žúû^V¸Õ$	  àénuA{Aiwù»C^“ùZ \4QÐ£»EAÉ‚’ß9Ü¤;å­wI€¯/ß7zÁG/*,y°ŠžII‚ÝŠ w¼oôn‚’*«Üj’  pÍ¨¸œvW»`¸€¾ ¿È«è™4_‰†êêQ†gŽ=zPsú–uÝ}†’%Mj-Ðßöþ’½¤p¿ƒ rk–3)PËþÍàWGï%h»ô¬"p«I  À5T°Z¢ »Ú=P¢ ÷ÔWæ<pód·(ØuÖ’ åÕŠ¡DÁu
Š[ß>sïh½K–” xÉøÁQ¢ á‹¶¶è3—0yçxÝxÏÐŠ€»F’   ®©‚õ÷^fXð^@ß;

„›^0œCá3X³}vAw|ÝøæQÓýþQ¡Göã*YÐúÕb`'zì¢ÏÿÔñœÑcûƒ•©üšýÌúœ%Ž[||ÔŠ`;A’   ®±õÕ’ôÄ´éÑƒ‹Ü9o¾æß<w|Ó(YPÐÝô–_ð¼yå	ƒãÄ@	‹þ¡ài£$Æ·Œï¯Z¾}ì÷\$A°ÕŠàãçÆ{G­8úük2Ü	’  p˜÷Ã=rÐ›üŠkZ_p_Áü*~.Í_`^Ý­/Ið£»ö%&Z‡Z0×Ÿ5ë…µìü’}¾–WàÿŒñ‚Q" ~×xå¨¿¿7ì}
%ZïêXÕKŸ«Ç
>4^3~y|rÔzc;C’   ®¹‚òu¢ä»Ã^ü’•¹h œ‚õê«ÞZt¿G
ÆK ´ŒêZÔmžÆm‡JN¡²{Y_0z'Âqbà¥ã£¿4ì}ý¥a/%,1ÐãÍÓügYæƒ´M{´â#ãµãÆ‡G-7š¶ŠÁ!I   7@kÁy
Ø{‹	ƒšåwþ2æTÏ¾«_²  ¼G¾~”8hy%,
Òë¯[°ß¼Í·ÇÕß¸ÝŸê®l/,ñÐ£þ=æð²QkôžÆ?}”)‘Ð¼ÕW=©þ‹h›–ìøƒñ+ãgÇ~Ì í¼ŠÁr)  àá(pï®zÁtwÛ{N¿C  z»4‡¬Äè>5ºãþ®ÑKýúÛÄô(Â§GË/Ñpwâ÷?”¨[óýZ”x(áP+…’ukµÐ¸•?N´—‘8V‚ dÇ'Æ¯Ÿ½°°áÖ³é«(Ü)’  pÃ”(èÎþ‹F/ð+YP ]p½ïØ¯¢—¦ yÿ%J”(yÐ¸?-»$AÍ÷ÿlt‡¾€»À¿$Ae{BëšZ”¨UDóÕz¡Ä@Öb¯DŸ¥õ*éÑ¿üÌxËèŸú'‰¦¯¢pçH  ÀS €¼—öb¿ï/=ðå£`ûªÙ­º_Éƒ‚ëÖ)ëE‹%*Sò¢ùK&ô¢Áý¨Dãk1°_>˜Ã‚®Pëß#­ÛëF	‚7ß}†Ö}…;I’   n¨òîÈÃè±ƒï%Jì»ò«è¥+ØÞÝ‚îº+Îÿì=®€»þÖ£ñ×=dÆ^¿ÆÕ}Z¯ZBÔ‚àÕãM£G'J`´~«ÜY^\  7TxMøÿhÔt¾»û=ŠÐsÿ;ÏUáÕ¹µŒãå¥áZ	¤–9î¯Ìšý¡%Jô˜Ä[ÇOŒþê°w” (y°ŠÁ&I   7XÁmÉÞPsùÔÔ¿÷¨¯˜ü¡5ç"bJ¦ôHDÉ”_ÿh¼q|r´­$àÿ'I   ·@wÉKÔt¾ èûãÝÁïÎ}ÁðÒE°þ(” (aÒß¾cüÈ¨A-/Ú>M_E!I   ·D-
zü DAI‚ßÃ+ þÓQ¹,Ør	„º·IŸ­ÏÙgÿÍÑ
v¼~Ô‚ mµŠGîDö  îŠãû_¾yéß¾j¼l<}ô·ƒýBE¸I(¸®»ª¸QZ÷”©eEI‘×ŒŸ%z£ikàI  ¸Å
øK ” ¨¿¤À³Ç—ŽúûW„gŒ^xøù£ÇzŸÁªâÚZ9{ÿ®Ð{´àÇ‡G]¼wôxÁÇF­
*·fîC’   î€uþ÷ß#–8¨EÁóÆKF­žº<mìr{ÞGmø%jðFÝÞ7P‚àƒËo÷Ž¦¥JÀ“$  €;¦ ¿€¹nI€ZÔªàËF	‚’¯¯=’PË‚Ê–4Øó§þ]OýW¥e”è=%zd —4~zü›ñîQËº½‡¡i=r’Í¿ªž€$  pxya­J<y<¼|¼`<iôxÂSFï/()Ð#•¯¿îªæ1ïD¸ˆ(Èï‚Zô†2z1cÔZ —¾küëQ™æÙó®ª€3$   î)È/ðEãkG‰¯%
zùá³FI„UøŠQÙZÔáKFÉ†¬êîµZXƒ÷U@Ÿú›·þ¨Å@
|bô/µHïøƒÑ‹«»Öus¨87I  à3¬×ª @/3¬[r 6­wôxBÉƒ
=®Ð_â ÇJTGwøkú_‹ƒùZ4¾zßã%šV]%vk½g ¿t,1Ð#½˜°uÜÉÃ
—B’   x ZÌ×-È/)Pp^‚ @¿D@¾xÔÊ Ç*W2á™£2õµ(P%j‰Ð|=BPð_KÊVO‰€þºð·Fý<ú;Ã’%ji 9 WC’   8•)@/q°Õr µ&èñ„’µ*H-J ô‚ÁGhÞZ” (áP‚ Ö%JÔ¡ò½{ yjuÐ<ðpH   ²r‡–úõ÷ƒ’%	þ|Ô
 @Á~/",©Ð#M+iP2`å>§GVÕ÷þöx8$	  €KS‚ î¡iÁ()P n	€‚þú+—=|˜yìqk   ¸
øW/                                                                                                                                                                                                                                                                                                                                                                                                                                                                                                                                                                                                                                                                                                                                                                                                                                                                                                                                                                                                                                                                                                                                                                                                                                                                                                                                                                                                                                                                                                                                                                                                                                                                                                                                                                                          p‡}Ögýd²á+¿3ð    IEND®B`‚ÿØÿà JFIF ,,  ÿá VExif  MM *           >       F(                    ,     ,   ÿí ,Photoshop 3.0 8BIM     Z %G    ÿánhttp://ns.adobe.com/xap/1.0/ <?xpacket begin='ï»¿' id='W5M0MpCehiHzreSzNTczkc9d'?>
<x:xmpmeta xmlns:x='adobe:ns:meta/' x:xmptk='Image::ExifTool 11.88'>
<rdf:RDF xmlns:rdf='http://www.w3.org/1999/02/22-rdf-syntax-ns#'>

 <rdf:Description rdf:about=''
  xmlns:tiff='http://ns.adobe.com/tiff/1.0/'>
  <tiff:ResolutionUnit>2</tiff:ResolutionUnit>
  <tiff:XResolution>300/1</tiff:XResolution>
  <tiff:YResolution>300/1</tiff:YResolution>
 </rdf:Description>

 <rdf:Description rdf:about=''
  xmlns:xmp='http://ns.adobe.com/xap/1.0/'>
  <xmp:CreatorTool>Adobe Stock Platform</xmp:CreatorTool>
 </rdf:Description>

 <rdf:Description rdf:about=''
  xmlns:xmpMM='http://ns.adobe.com/xap/1.0/mm/'>
  <xmpMM:DocumentID>xmp.iid:9077cf78-e57f-47c5-bc7f-f4632bd76d37</xmpMM:DocumentID>
  <xmpMM:InstanceID>adobe:docid:stock:ed500173-c612-4d2d-a7ab-f3d34473da58</xmpMM:InstanceID>
  <xmpMM:OriginalDocumentID>adobe:docid:stock:704794809</xmpMM:OriginalDocumentID>
 </rdf:Description>
</rdf:RDF>
</x:xmpmeta>
                                                                                                    
                                                                                                    
                                                                                                    
                                                                                                    
                                                                                                    
                                                                                                    
                                                                                                    
                                                                                                    
                                                                                                    
                                                                                                    
                                                                                                    
                                                                                                    
                                                                                                    
                                                                                                    
                                                                                                    
                                                                                                    
                                                                                                    
                                                                                                    
                                                                                                    
                                                                                                    
                                                                                                    
                                                                                                    
                                                                                                    
                                                                                                    
<?xpacket end='w'?>ÿÛ C 	!"$"$ÿÛ CÿÀ hn ÿÄ             	ÿÄ I    !1AQaq"‘2Br‚¡#Rb’	$¢±34CDsÁScÑð5Eu“²ÂÒÿÄ               ÿÄ               ÿÚ   ? ¹h1Ü÷8Åpk;®¹Uê–ÙMÏ¡Ö»ç”ø1ƒæyò  ªú•Æ|¦Ihôû``Ü6¾ë¾çÍ°´òüÎöV%@¹^ºjÎJ÷þÑÍî±Dÿ ø4O±á´{~¤¤m}}t†JÚêª§ž×M3žO¹%QÇOQQO ’žy¡xìtrŸ¨Dfx¾¯jv4æþÇÎ/±¤mµ&hÿ ¢NQS†q™“PI6qa¤¼Sï³ª¨ÃÎ<Ëìw è¤*Öin«`ú‘BgÅ¯QTNÆô¦¢”uu0þ(Ï=¼ÆãÍEfãš
íÄ—öœõÖ&)ï;Al¯'¥OBŸcó¼ ìûÄv¢¹†Qe÷Ù¯y-Úªç_/l³¿~ˆþŽÆ·È GŽª>±®{ÄlÏ=r}d6k_YEˆd5,=ŽŠÛ3÷è¨®¦%•Z˜_sÆot,®¨ •€{–ìƒÅÂÊ ƒ·g¹Ül÷8.všêŠêw‡ÃQO!d‘‘Þæ¢®×\OÃ“OKˆj°RÞ^Dt—=ƒ"¬ws$Œ÷ò»Èò!i”QSãˆ‡ãÎªÀpZÐ/îwþælQŸü_÷eÄR¹Ï{ž÷9Ä’IÜ’{I*£šßGWp®††‚šjª©Þ#†X^ù{ÖŽd ¶z+ÁôõCwÔÚéiðÛEÀ“o	eçÑü,çüÊU‹O…iÎ†S6gµÛz#n¶8•Þ²;wr¢²­½P|-á¸=  µEtÓ8†OÛ˜µªpåYHÁOPÓãÓfÛþmÂ
ƒ®¼+äØ]=EóšlŽÇ/– Ïñ”Íå£”-çâÞõjEtU³‚q—, WVe¾ÑCÒ·ÕHïš²Žmqï‘ƒ¿µÍçÚ	1qgÔQÅö´6Å…ŠÃPßïMÚ2 #™£‡°ÎGsGŽç¹»å’Ie|²Èù${‹ž÷»w8“¹$žÒ|V™~è©ª++!£¤‚JŠ‰älqEzN‘î;ÞI  Ø—nÓ;,W»ÜÕåõqo4Ä6‰¤±ˆøÿ ‡iä9vå¬Nˆ)ÿ <>Sš:ÍFÁè[Ñ5âßvlíuDmŽ®´sí{ˆ¦Š£ÐÆ¯Ww ¡¾Ú*Op ³ÓÈ>ëÚwøƒØGx%EmOJs,÷O¬ùeÍŽáNøÁßªr‘‡ð¸¢²„}”[0Ì:é“Þ$èQ[©Ý4›o#ì±¿ÌâCG™A«EË®ÙÎirÊoR—Õ×J_ÑßvÄÁÉ‘·ùZÝ€ú÷ªŒ}TZ¿ìÿ Ó8®÷úÝF»S‡ÓZŸðÖÆ¼ruI¾OÈÒ ów’‹‹À;QæF5ìsÐæ¸lA‚kK‹6fœjÅU5¾®Ëti®· 9F×üìþRÕq¨¹ÿ ÙÉ–>k^K„ÔJH¥‘—@Oc_òH—I¬?˜¨¸·Š(€€€€€€€€€€€€€€€€€€€€€€€€€€€€€€€€€€€€€€€€€€€€€€€€€€€€€€€€€€€€€‚˜hf¡:Zëf›ÛçýÜ!·˜iíyÜCô¿o6«ˆ¨j NÀŸº¥på‹Çˆh¦1flmdßÊŠ‡34¿¼~þîÛÙe¤‚€€€€€€€‚·h.1ÓH)r&G½MŽ½ŽéíÙß»xþ®¬û&"‚­#8Ñ\â«ÊjnÔ²9Žž‰ÔÎØö‚ö;ÿ ÕEÆÔÔQZí]KlµÕÜ«dRÒBù¦yìkÒç (59¨¹=^g^²šÒzÛ[ç?q„ìÆz5¡£Ù\G€ª9íñ	ëé wd“1‡Ð¸û¨­ÀRDÈ)£†1³#cZÑäÊ+‘aÅe;*xxÍ#n2üXæ¸~¡±iZeØ·PÔWÎ`¦ŒÈðÒý‡€ Ü ÜËBŽLÑ¸Æ‰ÕZa—¡_Ê(" üÂ/µ3½:#£ùÂv­2 ýC#¡•“7íFàñêÿ öEmë¸GuÇí×H\e,S°ŽðöõYW}EÆ-Ò;_™SžíŸUt‘I+[·ÓtÑ=¥i•à?§Ë3L†ár„¾‚†ÜØwÛ—[,Ãü±Ÿª‹‹ü¢ˆ>8†´’@¼ Ö¿:–ÍEÕj‡[çël–ph­ä–Mï%‰Ã‘þµ\D:ª67Á6iU¡Öú	e¯°¸Ûª¿>ƒyÄïBÂ«JËXœSÿ íÍ#mƒ¥›ydÜëZÙkAd@ú’óùB¸Šhª6OÁþŸ?Ñº&WÀb»]ÝûBµ¤lætÀêã?…¼¼IYiÚÔìo[é«ôïPèÜ9¹¶Ë­²½3Yú8{ ®9~¾q!§Õÿ 	™Yè)¾Í’ªÕû™‘¸5ÞÅT|µñ©œB ¸âxõP¦&„Ÿ©pHV_fãnÖðã®„÷º’½’~ŽkÕ!YÅ‹Ý$¯²_-N=¿@^Ñïœ¤ZÏ±ípÒkëšË~}cé»±•ï¤ÕºãAq‡® ­¦«‹¹ðJÙõi(;[„‡m±Ï§¸Õ^÷Û„]„Ñ;;‡6î;$xåäÒOxWD•A³ÂÎª;Kµ":ºç¿öÈ
[£>ƒwù&¼°î	pQq²Ú:˜+)"«¥š9à™’)#ps^Ò7v‚9î¢¹Pxƒ–Ù°|Bá“_ªD4Q»ø¤wÝcG{œv y Õ¶¦f<ó9ºewsþ&¾bñ;¶Ç&Fß&´ú÷ª‰sƒ=—=ÌÙ“Þ©IÆl³5îé–®¤slCÅ­äç{ô1°ÀQVén ºPËCr¢¦­¤”m$	#xóióTxFÀ²!-f+4Ø­{·!Ž¶‘ÇÎ2woå y+R*¾¨pû©˜[Q[duÖÙçãí›Ï.h6{¼ÐE?öUÌlyú ìÛ®öÙ„Öêêª)GcéætgêÒVë¶®X:‡<»ÈÆvGXñRßM¤—q“¨ô2óh°ÞX;\#}<‡Ý¤·ü©
”1Ž4ñ’ÆdX¥æØãöŸK#*X?V»ôHT§‹q£ùA”Ù¥Ï;uWº•Àú¼ú¨©*Ùs·])ÅE¶¾–¶Ù%<Í‘§Ý¤„°PW>'8’µàÐTãtð\²’%•»>›» îgwÞð5"å]Yr¸T\.3UUÔÈégžW>G¸î\Ií%]TY8—l8†g$Õ8ÁvÔµ Én$ömÚè·ç°æÞíÇ%"¯m–ëm½Zéî–šêzê†ÃQì‘§¼¢»¨1ÍAÍñœ–û”]! ¤`!Çy&wðFÑÍî>ßdîâ3ZïZ³7vIoÇ¨ÞM¿¥¹ß³­“nNfŽC¼›ˆpí¢—ÝWÈh–ƒ¥
û‰o¿Uü!ú7´÷1±ìC³âxå?a¢ŽŠÝEŽ™Ü;É=äždžd’TW¬€€€²³T4M3þ¶¢åbeÉãÿ ˆ[¶‚mü]°è¿ó‚«ê‡™Ö=ÖÖbUPe-Üˆš5m€ž‹ÿ )ßÉZ‘^®öË¢á-¾íAUAYÚJz˜>mpQT;¶îAÜ´Ý.vŠQi¸Ö[æÄ”³º'}ZBŠ“qN#µ‡è¶Â¢ãyuW(›RüN/ó$*[Ä¸×½ÃÐ)Ã(k¶Î–ÝRè]ëÐH~¡!Ræ#Åž’ÞºÜ+®6	Ú+é	`?Ž>úì¤T»‹æxžOeÇ²KMÕ®íKVÉ=ZãÜ ÷·<ó1Ç0ŒzkîOt‚ßEûO?4Žîc9½ÇÀ £zÝÅV]˜Š›F$Ù1«ÉgYÿ ÆNÎÏ™ãý˜>çÝÒ*æ%W‚I$’I'rJ¨ø€€€±ð@@Ašé~©çoZgÅorÓ@÷t¦¢”u”Òþ(Ï-üÆÇÍEYÌ[t‘GiˆÕSÊ9>¦×(•‡Ï«yQHT“oâ·F*c–ÿ [FïàžÛ0#úAª®½Û‹]¢Î¦¹ÝnN“)­ÒýßÑ
ÅDšƒÆ•Î¦)p|^: V\ä¼yˆ™òƒêãè‘*²fynMš^ÝvÉï—jçü­|ÎÜ0ºÆŽMMóÃß7Ü²J{ö{E’Âv’:2:uc·˜í‰‡ÄüÇ¸Ô¤^lrËjÇ¬´¶k%¾žßo¥`Ž
xÑcÿ ¯y'™<ÊŠô6AŽg8.#›ÛU`¡ºÅ¶Í3GûÈÿ ÇÌßbVPàÊõµºu0»™ë¡.o£fhÜ~`}U©P4ï4À«M6YVÛGKfNæt “ðÊÝÚ~» ÅUAê	$‚fÍß­;‡±Å®ÈŽh©×-VÅºµæ×GÂÎÈ+*£ÛÃi7ÛØ…Å‡ñ¥•Rt"Êq[eÖ1ÉÒÑJêižÇ¤Óú$*dÃ¸¶Ò‹×B;¥EËÜˆ®¦.ŒÇH{TÇ‹æ¶QN'Çr]Õ„oþ©’êÜ{„à(8ê'†žÏQ+"Š6—=ïpkZi$òoÖ®,ñLa³Ú°xãÉníÝ¦ 8Š(]ø‡9O“y2±³Pó¬«>¾ºñ•Ýç¸TóµÇ£?v6L½û ÆÕAê6:Iç½Çfµ£rãàz	oOxqÕ|Å‘ÔC›=ö"ªêï‡ðÍ‹Ïô©U:b<[cc$ÊóJº‡ýèm´Í‰¾7ô‰ú¤I–N´fÚ]U\Ü>õm|®ßÙ¥£ôQ^…Ë†­§1r©é‰	)ª¦ÃÜ99©<ÀæÉW§Ù#ãw2(nß3O“f`Ü~fŸUjEtÎ4cS°çÉûo¹Þ©cøˆHñéÇ¾Þû%¾W–?åpäZîD{*@»NÞ¨;Ö[=Ú÷V),Öºë•CŽÂ:JwJãìÐTTÛ§<(êvM$sÞ©éñjssëÓœ([ÏÄZ”‹e£œ<iöœº*úz'^olØþÑ¯îañŸf?Q¹óQRð            ëÜ(¨îrQ×ÒAWM(èÉñ‡±ãÀ´ò( Pá+Orn¶³tØ­ÁÛ)‡YJãçû?”D©_T8uÔÜ­©žÌo6È÷?kfâömÓg¸ÛÍZ"=ˆ$wƒ±TrSO5-Cj)¦’	šwl‘<±ÀùÍ%áºÿ «x·B:Ê¶®ƒaÄ
¦máóîáìBM8g×Hºeøu5PØOl¨1;×«“p¨$*jÃ8ŸÒ¡™ì•Û÷WH<ÿ ÝŸæQRí¢ël»Ò6®Óp¤¯§wd´Ó6Vv’w78ªªié)¤©ªž( ‰¥ÒI#ÃZÀ;É<€A_5k‹PâÁÙUÑ»·zwô)#wóK÷½¨HU@ÕhÏõ*g³ ¼>+qvì¶Ñï3|7h;¼ù¸•b#µP@A7èW¹–£2µxv=Ž¿g
Êˆ‰–¡¿ù1·Ìí‡†êU‹­¥:)§Úqn°Ùc–âÐîU`KRãâFÌôhEHÀl€€€€²
û†bWÞ—í¬bËq.íuMr© Å'Ð ™åïÓÛ 'øiº#èAÜµèÖ•ÛdRiþ8ÇŽÇ:?æem·P[`ø{}5#²8"lmú4¤FZ¡¡:m¨"Iï©n/ÿ æA>þ$³ÿ 0(*¾¨pšØ„µ¸mt5w"ÛAVÑá±ùìA>
ÔŠí{´]l—)-·›u]º¶#³éê¡tr7ÙÁITwìW«Å†¬UØîµÖÊ€wRT:'}ZBŠ˜p®)õs,Ž®íKS·þÎœ9äÔgEß]Ò7a<iãu]rìZákyäéèdmL{øôOEÀ}R7á:Ë¦Y‡A–,Æ×,îjy¥ê&ßÃ¡&Äûn¢³ÐAƒËÅÔVQ’Xq‹[îyÞ†×FÎÙª¦´ùûOæ‚µj—õ·­¢ÓûL—º‘¸ÕÐÓâÖý·ÿ •XŠ©©z­žjA~STÔÓt·eGª¦g¤mä}NçÍª?pE,ó2#|²ÈàÆ1.sÜNÀ 9’OpAuøbávšÕ.]©TL©¹¥¤³Ê¢¦ï˜v=ÿ ËØÞýÏdX¶kZÐÖ€  ;”WÔþk…b¹´Ûò›ÚŸmš*"Ìók¾ÓO˜!dÕègëktòüê7óp·ÜÉ|gÉ²ÒoæõV¤UÝDÓLã ª0åxíe}-™SÑéÓÉøení>›ƒäƒUÏ´nƒ3Âµ[QpâÁŽå÷jHZySºc,?ý·îßÑH©Çã;.¡èC–c–ÛÌ@üÓR<ÒÌ|öù˜~!S–Åf“d"8«®UXõK‡6\ -fÿ õÒoÔ…3Xïv{å¬³](®TÇ²ZYÛ+O»IAß@@@@@@@@@@@@@@@@@@Ýu©ZÛ¦ø |WìŽõÍî¿¨'À±¿gó‚¯jo=Ï­£Á,ðX©ÎàVVm=I!¿ažý%bUoÊ2KþQsuË#¼×]«ÚÕLd#ÈoÉ£ÈlyJ €€ƒ¿Y®¹ê–Íd ¨¸\*ž#‚žôžóÿ aÞIäjŠ¿\2påkÓ¸àÉ2aÏ+swa¥ã›cßí?¸¿Ù»f*Á5´”Õ´²RÖSÃQO+z2E+ØñàAäBT8OÓ¬§­«°2\VâýÏJˆt©œšÈ~RÔ¢«ê‡Úƒõµ_²o[#Üüe¬z-ñ|{tÛô#ÍZ‘Zç4‚NÄÐ|
£â €€€€€€€€€ƒ½c¼]¬u¬²Ý+m•-;‰i'tNú´…2àüUjÎ;ÐŠºåI‘S7î\ M¿ê3¢ï®é
pn3°ë‡B·¹Xå MNET;øòÙà{…N¸F¦`Y›qœ®Õq{¿à²pÙ‡¬nÙÃè¢²íÂè<¼—"±cV×Ür½®‘ ï5Tí¾ƒsÌùëRxÃÂlÝm.o«Éj†àNíééAñé8tÝìÑê‘—R¸‡Õã­‚ªüûMºMÇÁZ÷„x9ÀôÝîí¼•‚($’I;’w'¼•QñO¦xM¨y<VbÕ5.ÙÒÊîQS³~rHïºßÔö JŠØ–€h¦5¥N#_}¨`·IXßüŒr=û‡3ÚIQR’È#OÑ8Ô&É-÷†*÷W
/ÜTâ\ÞNüÀ ªú¡Áî_fëkp‹”9#w"–m «hðüú´ù+R+žAd¼c÷9-—Û]e²¶3³ ª…Ñ¼{Ñæyê €€€€€€€€€€ƒëæH$c‹^Ó»\Ä#Ü‚IÁµßUpþ„v¼º¶¢•œ…-yø¨¶ðû‘ìB‘jxÁxÕ‘½3\@8rª´ÍúõRôrB§œ_ô§01ÅnË))*ßÙKqÞ–]ü>}šO¡**NŠHå²Fö½ŽµÍ;‚<ŠÒ9çŠ_4ò²(˜7{ÞàÖ´x’yî£q1¥x[NÛÑ¿WÇ¸økPl|›†©ôA[uŒò÷ÖÒâtxÍ#·^UD~'ƒ}š}U‰Uû#¿ß2;‹®9ÞºëVã¹š®wJïmÏ!äyª €€€€€‚KÐmÉµ^ú`·0ÑY©ÞuÒV_ÊÑ÷ä#±£³´ì\lOJôóÓ|^;3D ‹“§ÿ 4Õ2Žï? ì (¬´                                         ðóCËí®·dö:µ)ìeLAÅ¾mwkO˜  ¬Ú¡Áª¨K[§·×ÛeæE¾âL°Ÿ&È>vû‡+R*æ£iny§õ)ÇjèàélÊ¶¶™þ’7vû’1T1±æ<ÐexN¤gxcÚqŒªën`;õ,œºë·iú(©ãã7.·–A—ãÖûÜC“§¤q¥›×nl?F¤*zÀø¢Òl›«†¦ó.?Ví‡Su‹«nþRÙõ!EL¶Û…Ê‘•vêÚjÚgólÔò¶F;ÑÍ$ ìƒºUuoÓJv?+¹ÉÒ·¥<4ï’I}6rVmCãFçP$¦Áqˆ¨˜w¬º?¬“ÔDÃÑî*Äªëžê^wœÌçå9=Âã;Šs'BúDÝš>ˆ1.í»•AóÃG×I¨†ÿ 	íx“¿ZFjí6Å¿c{ŒŸMÏd\ÆÀ1{Ÿ±ÓY,6ø-öêVt!‚ìÖû“ÚIæOjŠôqUSÁUO%=L1Ïƒ¢øähs\<<Š'T8UÓ|·­«³ÓÉ‹\Ÿ¹ë-íB~_éè «Z•Ã¨áî–z[[rKs7"¦×»ÞóB~qíÒjÔCÍO;éê"’£;>9ZæŸ0ª8Ð{¶S’bÕ‚¯¾Ü­¹u%C£Ô±÷
*rÀø¾Ô‹'B†šÛ’Ó7`]+>}¿>R}Z©×â§H³?Ù™e$ö^»”Üé…E+¼ºmmøšŠå¾ðñ¡Ú‘Bû¦%5=½òÅM†­¯‡süQ|Ì€5ŸðyŸÙúÊŒZãoÉi›¹l{ü5Fß…Ä°ŸG+R \«É1ZÓG’Ø®6‰ÁØ6®Ñ‡zÈûƒÆUÏ±³áƒ…én‚—/Ôª7Ã@v–ŽÍ ÙóŽÐùÇkYàÎÓß°äeXº”ÐÃOpA"Š6†1ŒhkZÐ6 È ;”W"G=ÓL:€Ç”ã6û‹öÙ³º>Œìô‘»8}PW=Dàºß7YUäÒÑ¿µ´WFõ±ú	Z:CÜ9Z‘\uE53ë$¾âÕn£güíøˆ6ñ.fýÌR#ÁÏ³š¨          Ìô£L3L¼>ÝŠÛzæÃ·ÄÕÌî…=8=7øžæÉðQV‹‚;£¨zUšG^ßbkŸ?ˆ¼ô	H‡õ£@3½0§7+Œ], Óq¡ÝÌŒžÁ#HéG¿‰Üy¥"'UÛ%Þëd­mušåYmªiÝ³RNèž=ÚB*kÀø®ÕLs¡Ò®%¤o"Ë„[K·”¬Øïæàå!S¦-Å–—e”B×Xj-—a#j mm!õ n«ƒ¹rÐ=Õ7Ü°‹5Ï.¶ÇX×°æÛèQP¶Áþ¡YzÉñšÛ~MLÝÈc]ðÕ~ž‰>ŽV¤@ÙF3‘bõÆ‹#²\- íÐ«§t{ú6>Ä òUAfÙA[s¸SÛ­Ô“ÕÖTÈ#‚X^ù{Ð9’¢¯?ü3Qb"›,Ï ‚»"å%-	ÙðÐâ{Ÿ/Ÿc{·<ÑVl”Ú‚4Ô=ÓàÉ5ß¦§­mmøi÷ñ%¼œ(+Ž¡ð_y¥ë*p\–Œc›hîMêeô4¸ú†«R+¾u§9Æ9‹*Æn6Öƒ°ñt¡w¤Ý‡êƒîß¹TsPÓM[[3zsÔJØ¢o‹œC@ú¢¶¯¤8-¯O0n/k‰ÑS(5Dä~òGòOÐ ;”V\ƒ¯r¡¤¸Ûê(+é¢©¥¨ÑMlŒpØ´ƒÚA«m{ÂY§Úµ}Å .4tó	(ËŽç¨tØ	ï ŽþJâ0UP@AÏn­¬·U²²ßWQGRÃ»&§•Ñ½§ÉÍ ¨©—âƒV1~®›Ä9vMÖ>±ûyJÝŸõ% 1Ž-tç*¡­DÅf·²@8[]H|ÈÛ¤å)
îÖhWº©Júü
óMo©xéof«kOóS¿~ QQiÁæ¢ÚªG÷rº×Ò¹á õŸ3A;næ¿åØwìãè­H²Ü9hƒJ¨p©ê®¹Dñôj.gË=±ÂÙo‹»]ß°ä"¦TíU¢Ž×<×ºŠ*zŽÓ:±íl[7K–È+­ãN¸eÕ‹¥U9w´P^Ãˆ.³U6=Þ"'„ƒÍ£ÝêYÅ£¬¨Än”90Üˆ$ÿ S·£‰c¿¨z+H¯ù^+’b•Æ‹%±Ü- ìW£ü$òpô%Žª=<Ná§)´Ýf(è« ¨xñk$kèVÜ¨j`¬¢†®–VËñ¶X¤iÜ9®‚<ˆ!Es ÄÚãNóIyâühÞ$Ž†8(žáØdŸ8ö.#Ù\D2ª9i*j(êYUIQ-=Cì–'–=§ÉÃ˜QV†¾).6
˜q½J¬©¹ZC`ºÈL“ÒyIß$~i¾c±]ûmuÊ‚û}T5T•C4/d=„È…Ø@@@@@@@@@@@@@@@@@@@@@@@@@@@@@@@@@@@@@@@@@@@@@@@@@@@@AÁ[YIEJúªÚ˜i©ã¾YžÆO ‚Ô(´§ë`¥»I‘V³qÔÚ™Ö79IÄ¤ãPxÄÏ/e>'l ÆéŽá²»üUNÞ®ƒúOª±*Ë2¼—+­5™-úãwŸ}ÃªçsÃO&û ƒÇi-psIiÜyƒåàª%6â#T°Žª
kó®öøöuvà×“Óo³¶òR*Åá¼Wi¶cB,Ú~Êë@l†xEmfç—I¾í>ªAé_xnÑMG¶ºó‚Ü™k2ì[=ž¥³ÓnŠ"H€µ¨\&jn9ÖTYG”Q·˜4nêçÛÎ'öŸ&’­"¼Ú®vZ÷Ð^-Õvê¶T.‰ãÙÀQÓ@AjøWâj²ÓaZ€éÿ fS¾èÆ™;;¢•£™`îpÜÈ¶"EZúTÓjÛx¯¦Ï1·Sí¿HÜ¢iÌ÷
*×ž+1‹ž¦Ó§•‘ß/’°±µ±·zZB~ÿ Hÿ ´pî–ý§¸ÔQ:©çª©–ª¦WÍ<Ït’Èó»žçË‰ï$’UG	“‡M{Ètª¹¶ùÄ·\^i7žÞçüÐ“Û$ý—w–ý—yjEl'Ì1ìß§È1›”Uô3ŽNiÙÑ»½ok\;ÁQ^òÄÒÇN–YÈØ7sœv x“Ü‚$Ô.#´§2Á6BËÅt{…µ7â¿p=û¹vÔ2òËYO†X¨¬pžM©«??¨o&7èåbU|ÌóŒ¿2ª5NGr»;}Ã*'&6þšß`ƒîÙTzxÞA|Æî-¸ã÷zëU[NâjIÝ®Ç˜ò;¨«	¦Üafö^®—0·Rd´ØÙµ=P;Ðw»GªB¬?¬Z¬´ÞŸmŽˆ·ßéØÇ‚{˜÷nÒ·QXÖÁî{kêñn9;ÇI‘oñ4ÇÃf¸ô€ôrR+¶¡pÇªØŸ[<vd4LÜõö§·œD`U©ÝU=E%Kéª –ž¢3³â•…ióiæp	Ü´èª>           ÍtS²0ÉxÇ*ÿ tò]¤˜*˜;ž<|9ÑElOD5wÕ[®²Ïð÷>6Û3‡]LOó0÷<r>G’ŠÐ|Ýs¨zã¦X7Yë(¤’±ŸòTGâ'ßÀµ›ô1+ž¡q£qŸ¬¦Á1ˆ¨ÙÌ6²èþ±þ¢&‡»Š±*»çºžç2¹ÙFQq¯‰Ç†ë:¸¤LÙ¿¢<rÅP@@@@@@@@@@ía}§:Ç¨Ø˜Ü{'«eOû•Qëé—Aÿ gòìTUÖáßYóm@l_ôÊçEù~Ø¦
CË·£)þ’õ(fú…æ´¦§¶ÝFÛ	&„u­ü2œßb‚¼êõoYS„dUv‰O6Ò×·â ô=£×¤­H®š…ÃîªabI«ñ©®4LÜšËaø˜öñ!£¦ßv„"-p-{˜àCšvsHØQÜª>          õ±’÷‰ä×ìvã=ºãLíâš#Ïnö‘ØæžöžEE_þø‡²j]4VK×QiËÞtý-¢¬Øs|$÷÷–c»p¢§aÍpƒÏu/Á 2e95ºÜð7:N”Îô»¸ýW=DãFÛYK‚c3V¿±µ—7uQúˆšKˆõ-V%W=BÖýMÎ:È¯yM\toí¢¡?Þ¬æïÌJB£Ÿ>ÕP@@@@@@@@@@@<†çóA™àZU¨9ËÛýÙÅn58íñOª§²?fý	QVO¸-¸ÏÕÔçYLTŒ;QÚÙÖ?ÐÊð öiJEˆÓÝ
Ó#¡-Ÿ¤š±ŸóµÃâgßÄ9û†ŸÂŠ’@  !ØƒêÈ0mAÒ=<Î˜ó’bÔ5ïq³©¨}c6w×tÛP¸,‰ÝeN”º3Ì¶ŽìÎô°oõiõV¤W]AÑ­JÁŒÈ1ZÖÒ3þr•¿O·M›ô6È0Ìn9ú*‚Ji¦¦¨Ž¢ži!š'‡Ç$n-sáÀŽ`‚èðÇÅW'Râ:™VÈ+NÑR^Ÿò²sØ?s_üý‡¿cÌÈ«j×ÚA¼(¯¨<œŸ$°c6ç\2Íª•£ý­\íŒMÏ3äWýEã³u´Ø•¾·%ªná³li©·ñé8tìßubUoÔN%õW/ë`eé¶
î>ÒÓÛÀÊIyúD‚žigóÏ+åšC»ä‘ÅÎqñ$ó*£ð€€€€€€€€€€€yÏ!æƒ2Á4·Psw·û³Š\«aqÛâL]TÖGìßÕEX‚ëÕOWQ›eÖøÏ7RÛY×IèdpÐ9)Oø|Ò¬0Ç51}k;*îgâdßÄ|­>
*RcÆ5ŒhkZ6 €H?H>‚#p{PFz… ú]›™&»bôÔÕ¯í­ ÿ 6þ$³“âuÔ.îôÝeN“A_æÚ;›:©=¤ú†«R+Æw¦¹Þ+™”ãt`ì*]8é+wiú Ä»·Â¨       ²<2q/qÂ>-›K=ËÜ2
®ož€xx¾!ü=­îß±H¸½Ö[¥¾õj¦ºÚk`­¡ªŒIDd=„¢»ˆ8êj ¦óÔK0Æ:O‘îkG‰'Aê?ºYˆiéîÏÈnÜ|=¨	Zƒ¥$0{|VÍFâóP¯ým61MG‹Ñ»pøŠ’?‡E¾Í÷V%@wûÝã ¸¾ã}ºÖÝ+w3UÎé_õqåìƒÏUÓ~Äî£š•š–:ÁˆÜd¦eUC>¼zrl¶ê*}À¸+¸LQ›åÓ7‘u-ª.±Þ†W€³JR, U†˜æ·bÔÕ•Œì«¸ÿ ‰—ÓùZ
*OŒŒhkZ6 €AéðÅ</†hÙ$o9h-pð ò("=Bá·Js,ï°6Ë]&çâ­.øs¿‰`‡Ý¨+¦ ðk˜[•mîŠÿ  æÚz‘ðÕ€óc¾­V¤WÜÇÊðú³K”c×+D›ìL¬wáÙw±(<P@@@@A,pû®9.”]D1Ü±ÙäéUÛý€ß¶H‰ûýßâ"ãaºocZEÆ.,«¥“å{O)`{$ok\<=ÆáEdÈ0EÕ?Àcw÷Ÿ&¢¥¨qHÇuµô›»ë°AZµ#
‰:ÚLl-æ]u;»Õ°°ì?3¢±*¶çÚ•gsºL«%¯¸FNí§/è@ßH›³GÑ%Ý²¨          ä§†j‰ÛOO“Ló³c¥Îqò™A)àÜ;jÖZ-6-5²•û‰º8S7o‹¾sìÕ*§œ‚»|F9ó\¶z§n¥µÅÕ3Ó¬x.>Í	Hžð=Ó<,1ö,FÜÊ–÷ª†|DäøôäÜm”V°ðAõ^áAEq£}Â’ž®šA³áž0ö8y´î
OPxWÒ¼œÉQAnŸ­>²ØþŒdùÄíÙôÙ~Ï¸9Ï-JŒVénÈéÛ¹lNÿ Q·£‰aþ ­H€²ÌS%ÄëÍMb¸Z*7Ø6®ÀïÂãÉÃÐ”2¨   Ët«Q26É™}Æ+Œ2›QNýÌ5Lþ	Þ<hî*+b:­Æ«ØúÛ|‚†óNÀkmr¼"þfŸ¿ÿ xzŠŠ“Ptï[mž‚K…Ú¾–‚’!»ç©•±ÆßW8€‚¿êWZ{u´¸Ä59UkwÐ~æ”97wåiõAY5'‰]RÌÄ´Í¼¹û…µo#ÁÒïÓ>Ä%b!Ù$|²¾YçÈó»žã»œ|I<Ê£òˆ        woÜƒÙÅñL›(©Øå‚çw”¶¤¦t€z6åEMXGÚ¡|èMyý›Ó»™ø©ºé¶üî7ò.	Hœð~túÕÐ›%¹]2)ÆÄ°¿á ?•Ÿ1þ¥',;Ã±8Î5kµ 6éSÓµ¯w«þÑ÷(206@@@@@@@@@@@@@@@@@@@@@@@@@@AÒ½Z-w«|–ûÅº’áI ÙðTÂÙïgWÍOá¿¶Z¼J¢|Z¹Û‘{ÍHãçŽíü®ÛÉQÕm	Ôm:2Ô^,Î¬µ°ò¹[÷š¼]°éGù€õUñîU†9{»c·ªkÕŽáQo¸R¿§Dè¹‡þàöyÚŠ¾ü4q%hÔéñÌ¥Ôöœ¨ ÖsèÁ^|cßì¿Å‡òïØ3aÝt>¤jÎ§Ð8äù%5NÛ¶Ž3ÖÔ¿Ò6îáêvh*ö¦ñ™w«ëhôúÃ¶.`WÜ¶–cæØè·óz+«^g™eY•y®Êoõ÷i·Ý¿),gágÙhô‚ª9¨©jkª[MEM5Tî;6(c2<úîTT£†ðí«¹?AôØ•EºÜúû›Å3vñè»ç>ÍJDÕ†pQ3ºæ›[Ø]Oj§ßÛ¬“ÿ å)nÃv‘bå’Å‹Et©aOty©vÿ …ß öjŠ•¨hé(i™KEM42(cc} äƒÇµ¯ikšÒ6 ŽD õ…ì7Ü,±^öýÝ×ÑÆ>Wsÿ i!îÞ‰õAJõsHs}1®1ä–Âh\þŒ*mßM/‡Í·Ê•ÛUQ€ª‚¬s˜ðö8µÍ ‚ÄØB1¡|Xä¼PY3ÈgÈm,ÙŒ­c‡ÆÀß2yJ™ó*E\];Ôœ'>¡X®CGp=ß Bxü¶púl¢²ÝÂá‡{Ìq;'H^rk5¸·´T×Gúnƒ¨×#Å²j;¸þÆ»ý7AÅ»èûÎÍÔ;½Nßê{ÍSÓk‘¢Ï1©œ{ ¹D	ö.A“ÐWÐ×ÅÖÐÖSÕGüPÊ×¨%gp€€€€€€€€ƒãÜÖ4¹Î ¹$ò-ªœLi®f£‚àr+¬|¾ØCÚ×x>_°ßbO’
£ªQê^aÖÒ[*Ù‹Û¸êmÎ=s›üÓ›úz*Ä¨>iežwÏ<–YIò=ÅÎqñ$ó(?
 €€€€€ƒš†–ªº¡´ô4ÓÕNîMŽÌŽ>Í¨©+áûWr^ƒèðÊêHÌMq-¥nÞ;<‡`”‰ƒàªÿ QÐ—*Ì((Fî†ßNéßéÒD¡JDÉ‡pŸ¤–>„•öêëüííuÆ¨ô	üè·Øî¢¦oÇ1ºaMØ­¶¨€Û£ILÈ·õèÏº_dk¥¾†éožßr£‚²’¡…“A<aì‘§¸´ò!C×îÑ¨È4°lFï–Ç+ùÿ Ü<ö~CÜ®jE@¯£«·ÖÍC_M5-T1ÍÌ,|n­sO0UGZJšŠJ–URTKO<gvKËÓäáÌ(©Sâ7X1ÈÛt×6\¢mO/ÄïŸüÉ
Ï¨8ÏÔxbèÕcøÅS‡ßêæfþÁé
ê^xÆÕÈË(h1Ëa=Ž•ò¸[Èýæ»©Yax¾æ—‰âyçS˜!þˆö0w|Î.ÌãÌ¹ÜÉ÷UÊný­Ô ìÛ®öÙ„Öêêª)AÜ>žgFáîÒR^Ä6®ã`¦Ì*î7—Qshªa»æÎPOúmÆ}º¥ñÒgØä”<u°™bõtNù€ô.ôHUÃ2Üo1´6íŒ^¨î´näd§“~‰ðpíiò í    üÈöFÇ=îkA.q; yAkg·cîþõ^#Ý¥”’M¹ý¹¹ƒèÀïdÿ UµÓQuòÁx¼¾ŽÖóÊÛA¼0màíJOÌO¢¨ŒÇ!·r¨    ‹º ‚|;ÐeÖçy#š,X}ö½®ì|TOèQ¿ªŠ“ñ~µzïÐum²Ç¾õuh.ðÆÑ)¦-Á5+CdÉó‰å?zu `þ¹	?åJD±Šð¿£¶.‹ßŽ>ñ3â\ê_7ùÌýT©aÇl6qOc³[­‘·B’™‘ò€ƒÔ@@@@@@@@@@@@@@@@@@@@@@@@@@@@@@@@@@@@@@@@@@@Aq øÆª[ßVæ²×’EÔ×8£æí»0mŸ¨î=Ä5ë¨Ø>I€dÓãù=½Ô•qüÌpçìß”‘»±Í?QØv*£U¨Øù$lqµÏ{ˆkZÑ¹q=€ò‚Ò~süºn÷ÇŠÛdÍø¨ËêžÓÞ!t9ŠU‹	‹pƒ¥VÈYû[öÅöqöQVba>MŒ7aîT«há·E]_÷‹oˆŸ¯M+“ð‡¥8Ÿû.;½Žcö]MXd`>m”;¨J+ö«p—žb°ÍpÆf‹+·Ç»‹ ««kéCÿ )'ÉZ‘^æŠXf|3Fø¥Å¯cÚZæ¸v‚0|•G³„eÙ&|Žõ‹Ýêm•¬#wÄï–Aü/iäöùQW¿†¾#ìúÔã¹ ´eA»1vÐWmÚb'±Þ,<ü	îÊ¬ æ€ƒÖMTÅt»ý©‘T¹ÓÍ¸£¡‡c=SÇsAì–î<‡®À…Ö½Î52i©j«?cØIù-tr±Ãÿ 5ý²]›àˆ‰ºMÛí7êv¨è+«GCURãØ!Ïßèdö}-Ô‹¹³°L’p{-Ò5¿W fVN5¢é±þé
½Y[{{t‰ýŒæÅÁ† U ë¶E[š{[–¡ÃèÖÕ)õƒ‚|~.ƒ¯¹µÖ°ýæQÒÇ ú»¦R‘"c¼+èÝ¤µÓcõ7W·ïWÖÈñý--oè¢¤œoOðŒum²[Ë{mõm¿êƒ$ °ìA÷maZÃ¦xÖ§b²Xò
o»ºŽ²0:êI?‡ýZyÚƒ[Z½§9™eócÙ Œ”µqƒÕUÅ¾ÂFÐŽÐyxoQ‡*‚å’×p½]©m6š9«kë%l4ðDÝß#ÉØÿ ¾JƒðÓÃ½“N(iï—ø©î™kÚéÈéEE¿Ü„ñÞþÓÝ°í'‚Á#Ä‡¶M·ÍuµÇ«+„ÅXÖìÊ­»8£¸?´yŽH5ã‘Y®xõò²Éz¢–ŠãE)Š¢	Îc‡úƒÈ‚9ALº”ÓMMQE<²C4OŽHÜZæ8ÃÁ½Â¸@ÖÓ©ãñü‚vzmq+»>6Á0ÄÁÃÄƒßË-b}AŒå:…e5ì¯É1kEÞª8ÄLš®•²¹¬Üžˆ$r’vAÑ¦Ò]1§;Ã§øÃOÿ Lˆÿ «Pzôxn#E·ÁâÖ:b;:«|Lÿ F ö)éà§gBc‰¾hhýrì€È#Í}Òû^©`U:±7AšÙX[Îž}¹~Wv8w0kûj¯²^«l×ZgÒ×ÑNø*!xæÇ´ìGþûB¨é*‚¿ÀV“ÃlÇŽ¦^iƒ®7º;S^?ØSo³¤yü#ùŠ‹‹X¢ˆ+šOA‰;PìôÀ]ìÑ^Þuƒ´ŸG¾ûÿ KÀ+ˆ¢J£!ÓŒ¶çƒfÖ¼ªÐò*¨'t7ØJÎÇÆ|œÝÇºŠÚ¶%} É±‹nAk—­¢¸S2¢+†û1Ø|ÂŠõR_í
ÓÆ[ï¶ÝD·@Çj+—DrëÚÒcyósoä*â*r¨ öð~|¯6²ã4û‰.uÑRô‡Ýpw³w>Ê+lÖ{}%ªÕIl¡‰°ÒRBÈ ½c kGÐÚ@@@@@@AÃ]MmôuQ6ZyãtrÆá¸{ ùJOê–0ü7Q²]û–Ûk¤†"{]ûÆ}ØZUÄcJ¢ùg¶\û¾—Ü±j‰:sXk7„sM»š=ÄŸU•Å™EG|IbŒÌtO'³Ãêª©ysCûÆíæz;{ ÕÀ;üy­2 šx$·Ç_Äm…Ò´9´ÔÔüÍ…À«”\lˆv(¢uñÝAµóÆÐß·ÒÔ;aÚz%„ÿ +ˆ‚DïÁ^q¨™*Þ5e¨´‚vì™ÑÎQq±E@@@@@@@@@@@@@@@@@@@@@@@@@@@@@@@@@@@@@@@@@@@@@@@@@@@@@@@@@@@@Aù‘’71íc°ŽôœÕ\nLGRrjF–‹}ÂX£ó¤]÷aiUÊ¨›x­ŽˆË#$wDUSU@ßÄb.üª.6<¢ˆ5ßÇ¥c*¸ƒªŽÒ[)aw‘!Ïÿ G…q"¨æ£©ž–S,,qoGqáÿ °ƒp«-(÷ö†à¯ Ë­Yí$'á®‘
*×ögŒÂ7‘\EUU™dÄ5Á“³r-µñTHÞŒ;gv—¶:˜+(á«¥•²Á<m’)wk†à"
Šæ@@@@@@AøžHá…òÊö²64¹îqØ4d’ƒTšÉ”ÏTòL„˜k«ätÿ à´ô#ÿ +Zª1%Q#ð÷§Õ‰˜VÚ`ap¦·º¥ÇnÏÞFÑÿ äTVÑQ!¬˜5¢iÕ×®-a«‹ziˆß¨¼ã³¶ßÈƒVYžãß«¬wzgRÜ(gt;µ¯iØúŽð{ÁV]EõàOUaÉ0‘ÝjGí›{RôÝÎ¢—oÂz'Ë¢²Ö,²
ïÆþªÅ‡éü˜…®¤öA¢!Žù©éâIw6WäÁ¯Å¦D›û<°™mx=Û6«‡£-êa!pçðñ‡“ž]ýeqiQDƒ}“*·¿P1ZC%òŠ®±7wV@ÑÉÍò0w}æòí0Q5¦^®#ÝñL’‹!°Ö>ŽãC(’[Ü{Áí#‘´¢¶7ÃÆ¹cº«fdñ[²X#Þ²Úçó;vÉÿ m‡êÞÃâb¥±Í[¯ú×iM‰î©’:ëüì?kcþwžçÉüŽòyžÁºpgMï3Êk²L†±ÕwÙ:r?±­cGÝkFÀQâªŒßD´æë©Ùõ5nŽzÚú 7ÔàüÏ>g±£¼‘æ¢ãh˜åžßØhl–ªvÓÐPÀÊzx›÷XÑ°¼»TW €€€€€€€€€€€€€€€€€€€€€€€€€€€€€€€€€€€€€€€€€€€€€€€€€€€€€€€€€€€€€€€Ü‚¦qMÃ¯55y¦œR±—		–¾ÐÍšÚ‡v™!î=ììwhØöÔRÊºjŠ:©ijà–ž¢–K¬,{;CšyƒäU»mue¶¾
ûu\ô•tï†x$,’7Â×`¢,æ“ñ‰‘ÙáŠÝžÚ…þ€4WÓÅT‹›ö$>)õR-X\_‰¾Â×­–¹l7(‡æØ·èTVV5wKÌ=hÔc¡Û¿í(¿õA‹äÜJèåŽ9Ùt7)Gd6è_Pç{Ñú”ûUxÇ¾] šß§öØ°¸þÐ­èËQ·>l`ù|ÏIX•Wî÷+…ÞçQsºÖÔWWT¼¾jŠ‰ä‘Þ%Ç™AÔU¶ÞrÌŽÇèd­¸ÖIÐ†&~®'î´dž@(­•ðõ¤Ö­(Â›k§s*®Õ]nuÁ»¤Ûì·¼1¼ÃG©í%EIH"mxÐ|CTèßSSì¼ŒèÁt§ŒtÏƒeoüFúóÄ ¡z½¤Y¶˜Ü]Gms¨\òØ.Tà¾šo›o•ßÊíª©
¨ ù°ðDPe:g§ÙV¢d-²âÖ×ÕÍÈÏ3·l4Íþ9ØÑåÚ{Q[áóEqí&±Ótnê¦]r{6sûú¸ÇÜŒîÓÚ|¢¥4{Æ†j…$t³7£,3FÇ·À´ò!qÕ>p»ûå®ÃkeÅë]»¾¢f¤qüô™ùNÞIR+vmÃ.®ã2=ÌÇ…ò™¤í=ªQ6ãÇ«;<}¤E—{îÏ)Šíf¸ÛäiØ¶¦•ñ‘ý@*ŽŒ1K3ÄpÅ$=cK‰ö3|GGõ7*{—
¼KÈÚi 0EýrlU…Ò¾ê_,UÚ|dqœm¶ÇnãäùˆåèÑî”‹e†b˜öcŠËŒÚ)mtvE6éâqís¼É%E{H?ÿÙbnd -15.8 -9.80003 19.2 14
shp 10 10 35
  p -12.8847 12.2249 1.6614 0
  p -12.5902 13.2179 1.6614 0
  p -13.2714 14 1.6614 0
  p -14.308 14 1.6614 0
  p -15.3447 14 1.6614 0
  p -15.8 13.0727 1.6614 0
  p -15.8 12.0361 1.6614 0
  p -15.2016 11.1913 1.6614 0
  p -14.2003 10.9201 1.6614 0
  p -13.212 11.2392 1.6614 0
  c 0 1 1.03906
  c 1 2 1.03906
  c 2 3 1.03906
  c 3 4 1.03906
  c 4 5 1.03906
  c 5 6 1.03906
  c 6 7 1.03906
  c 7 8 1.03906
  c 8 9 1.03906
  c 9 0 1.03906
  s 0 2 1.97641 158.946 819.57
  s 0 3 2.72029 158.946 819.57
  s 0 4 3.1979 158.946 819.57
  s 0 5 3.36247 158.946 819.57
  s 0 6 3.1979 158.946 819.57
  s 0 7 2.72029 158.946 819.57
  s 0 8 1.97641 158.946 819.57
  s 1 3 1.97641 158.946 819.57
  s 1 4 2.72029 158.946 819.57
  s 1 5 3.1979 158.946 819.57
  s 1 6 3.36247 158.946 819.57
  s 1 7 3.1979 158.946 819.57
  s 1 8 2.72029 158.946 819.57
  s 1 9 1.97641 158.946 819.57
  s 2 4 1.97641 158.946 819.57
  s 2 5 2.72029 158.946 819.57
  s 2 6 3.1979 158.946 819.57
  s 2 7 3.36247 158.946 819.57
  s 2 8 3.1979 158.946 819.57
  s 2 9 2.72029 158.946 819.57
  s 3 5 1.97641 158.946 819.57
  s 3 6 2.72029 158.946 819.57
  s 3 7 3.1979 158.946 819.57
  s 3 8 3.36247 158.946 819.57
  s 3 9 3.1979 158.946 819.57
  s 4 6 1.97641 158.946 819.57
  s 4 7 2.72029 158.946 819.57
  s 4 8 3.1979 158.946 819.57
  s 4 9 3.36247 158.946 819.57
  s 5 7 1.97641 158.946 819.57
  s 5 8 2.72029 158.946 819.57
  s 5 9 3.1979 158.946 819.57
  s 6 8 1.97641 158.946 819.57
  s 6 9 2.72029 158.946 819.57
  s 7 9 1.97641 158.946 819.57
  a 1.68123 0
  a 1.36015 0.988204
  a 0.51953 1.59895
  a -0.51953 1.59895
  a -1.36015 0.988204
  a -1.68123 0
  a -1.36015 -0.988205
  a -0.51953 -1.59895
  a 0.51953 -1.59895
  a 1.36015 -0.988205
  o -14.2627 12.5901 -0.281415 0
  t 182 214 195
shp 5 5 5
  p -8.31412 11.1523 6.25359 0
  p -9.29326 14 6.25359 0
  p -12.3065 14 6.25359 0
  p -13.2481 11.141 6.25359 0
  p -10.7777 9.41521 6.25359 0
  c 0 1 3.01446
  c 1 2 3.01446
  c 2 3 3.01447
  c 3 4 3.01446
  c 4 0 3.01446
  s 0 2 4.87751 598.281 3084.9
  s 0 3 4.87751 598.281 3084.9
  s 1 3 4.87751 598.281 3084.9
  s 1 4 4.87751 598.281 3084.9
  s 2 4 4.87751 598.281 3084.9
  a 2.56426 1.78814e-07
  a 0.792398 2.43875
  a -2.07453 1.50723
  a -2.07453 -1.50723
  a 0.792399 -2.43875
  o -10.7882 11.9417 -0.310493 0
  t 204 168 177
shp 8 8 20
  p -7.12229 14 2.2067 0
  p -8.4715 14 2.2067 0
  p -8.85419 12.7069 2.2067 0
  p -8.41752 11.4284 2.2067 0
  p -7.07826 11.2813 2.2067 0
  p -5.72712 11.3022 2.2067 0
  p -5.71657 12.6513 2.2067 0
  p -5.77099 14 2.2067 0
  c 0 1 1.35207
  c 1 2 1.35207
  c 2 3 1.35207
  c 3 4 1.35207
  c 4 5 1.35207
  c 5 6 1.35207
  c 6 7 1.35207
  c 7 0 1.35207
  s 0 2 2.4983 211.115 1088.57
  s 0 3 3.26418 211.115 1088.57
  s 0 4 3.53313 211.115 1088.57
  s 0 5 3.26418 211.115 1088.57
  s 0 6 2.4983 211.115 1088.57
  s 1 3 2.4983 211.115 1088.57
  s 1 4 3.26418 211.115 1088.57
  s 1 5 3.53313 211.115 1088.57
  s 1 6 3.26418 211.115 1088.57
  s 1 7 2.4983 211.115 1088.57
  s 2 4 2.4983 211.115 1088.57
  s 2 5 3.26418 211.115 1088.57
  s 2 6 3.53313 211.115 1088.57
  s 2 7 3.26418 211.115 1088.57
  s 3 5 2.4983 211.115 1088.57
  s 3 6 3.26418 211.115 1088.57
  s 3 7 3.53313 211.115 1088.57
  s 4 6 2.4983 211.115 1088.57
  s 4 7 3.26418 211.115 1088.57
  s 5 7 2.4983 211.115 1088.57
  a 1.76656 0
  a 1.24915 1.24915
  a 4.76837e-07 1.76656
  a -1.24915 1.24915
  a -1.76656 0
  a -1.24915 -1.24915
  a 4.76837e-07 -1.76656
  a 1.24915 -1.24915
  o -7.1464 12.6726 1.56863 0
  t 227 223 159
shp 11 11 44
  p 0.80765 13.6556 1.38234 0
  p -0.0177446 14 1.38234 0
  p -0.916698 14 1.38234 0
  p -1.8143 14 1.38234 0
  p -2.39252 13.3148 1.38234 0
  p -2.02727 12.4938 1.38234 0
  p -1.93072 11.6001 1.38234 0
  p -1.27258 10.9864 1.38234 0
  p -0.449239 11.345 1.38234 0
  p 0.109612 12.049 1.38234 0
  p 0.644649 12.7707 1.38234 0
  c 0 1 0.90099
  c 1 2 0.90099
  c 2 3 0.90099
  c 3 4 0.900991
  c 4 5 0.90099
  c 5 6 0.900991
  c 6 7 0.90099
  c 7 8 0.900991
  c 8 9 0.90099
  c 9 10 0.900991
  c 10 0 0.90099
  s 0 2 1.72899 132.249 681.909
  s 0 3 2.41691 132.249 681.909
  s 0 4 2.90903 132.249 681.909
  s 0 5 3.16548 132.249 681.909
  s 0 6 3.16548 132.249 681.909
  s 0 7 2.90903 132.249 681.909
  s 0 8 2.41691 132.249 681.909
  s 0 9 1.72899 132.249 681.909
  s 1 3 1.72899 132.249 681.909
  s 1 4 2.41691 132.249 681.909
  s 1 5 2.90903 132.249 681.909
  s 1 6 3.16548 132.249 681.909
  s 1 7 3.16548 132.249 681.909
  s 1 8 2.90903 132.249 681.909
  s 1 9 2.41691 132.249 681.909
  s 1 10 1.72899 132.249 681.909
  s 2 4 1.72899 132.249 681.909
  s 2 5 2.41691 132.249 681.909
  s 2 6 2.90903 132.249 681.909
  s 2 7 3.16548 132.249 681.909
  s 2 8 3.16548 132.249 681.909
  s 2 9 2.90903 132.249 681.909
  s 2 10 2.41691 132.249 681.909
  s 3 5 1.72899 132.249 681.909
  s 3 6 2.41691 132.249 681.909
  s 3 7 2.90903 132.249 681.909
  s 3 8 3.16548 132.249 681.909
  s 3 9 3.16548 132.249 681.909
  s 3 10 2.90903 132.249 681.909
  s 4 6 1.72899 132.249 681.909
  s 4 7 2.41691 132.249 681.909
  s 4 8 2.90903 132.249 681.909
  s 4 9 3.16548 132.249 681.909
  s 4 10 3.16548 132.249 681.909
  s 5 7 1.72899 132.249 681.909
  s 5 8 2.41691 132.249 681.909
  s 5 9 2.90903 132.249 681.909
  s 5 10 3.16548 132.249 681.909
  s 6 8 1.72899 132.249 681.909
  s 6 9 2.41691 132.249 681.909
  s 6 10 2.90903 132.249 681.909
  s 7 9 1.72899 132.249 681.909
  s 7 10 2.41691 132.249 681.909
  s 8 10 1.72899 132.249 681.909
  a 1.59902 -5.96046e-08
  a 1.34518 0.864494
  a 0.664255 1.45452
  a -0.227564 1.58274
  a -1.04713 1.20846
  a -1.53425 0.450495
  a -1.53425 -0.450496
  a -1.04713 -1.20846
  a -0.227564 -1.58274
  a 0.664255 -1.45452
  a 1.34518 -0.864493
  o -0.841642 12.7466 0.493478 0
  t 224 215 194
shp 6 6 9
  p 5.65383 11.8675 5.91811 0
  p 4.14827 14 5.91811 0
  p 1.53515 14 5.91811 0
  p -0.0081722 11.8925 5.91811 0
  p 1.50609 9.76461 5.91811 0
  p 4.12007 9.75078 5.91811 0
  c 0 1 2.61412
  c 1 2 2.61412
  c 2 3 2.61412
  c 3 4 2.61412
  c 4 5 2.61412
  c 5 0 2.61412
  s 0 2 4.5278 566.186 2919.4
  s 0 3 5.22825 566.186 2919.4
  s 0 4 4.5278 566.186 2919.4
  s 1 3 4.5278 566.186 2919.4
  s 1 4 5.22825 566.186 2919.4
  s 1 5 4.5278 566.186 2919.4
  s 2 4 4.5278 566.186 2919.4
  s 2 5 5.22825 566.186 2919.4
  s 3 5 4.5278 566.186 2919.4
  a 2.61412 0
  a 1.30706 2.2639
  a -1.30706 2.2639
  a -2.61412 0
  a -1.30706 -2.2639
  a 1.30706 -2.2639
  o 2.82875 11.8802 -0.00557548 0
  t 191 141 137
shp 8 8 20
  p 9.64468 12.6268 0.901554 0
  p 10.4928 12.4834 0.901554 0
  p 10.0103 13.1941 0.901554 0
  p 10.2978 14 0.901554 0
  p 9.42973 13.9986 0.901554 0
  p 8.56458 14 0.901554 0
  p 8.74056 13.161 0.901554 0
  p 8.84526 12.3006 0.901554 0
  c 0 1 0.864217
  c 1 2 0.864217
  c 2 3 0.864217
  c 3 4 0.864217
  c 4 5 0.864217
  c 5 6 0.864217
  c 6 7 0.864218
  c 7 0 0.864217
  s 0 2 1.59687 86.2516 444.736
  s 0 3 2.08641 86.2516 444.736
  s 0 4 2.25831 86.2516 444.736
  s 0 5 2.08641 86.2516 444.736
  s 0 6 1.59687 86.2516 444.736
  s 1 3 1.59687 86.2516 444.736
  s 1 4 2.08641 86.2516 444.736
  s 1 5 2.25831 86.2516 444.736
  s 1 6 2.08641 86.2516 444.736
  s 1 7 1.59686 86.2516 444.736
  s 2 4 1.59687 86.2516 444.736
  s 2 5 2.08641 86.2516 444.736
  s 2 6 2.25831 86.2516 444.736
  s 2 7 2.0864 86.2516 444.736
  s 3 5 1.59687 86.2516 444.736
  s 3 6 2.08641 86.2516 444.736
  s 3 7 2.25831 86.2516 444.736
  s 4 6 1.59687 86.2516 444.736
  s 4 7 2.08641 86.2516 444.736
  s 5 7 1.59687 86.2516 444.736
  a 1.12915 1.19209e-07
  a 0.798433 0.798433
  a 2.38419e-07 1.12915
  a -0.798432 0.798433
  a -1.12915 0
  a -0.798432 -0.798433
  a 2.38419e-07 -1.12915
  a 0.798433 -0.798432
  o 9.50479 13.2212 -1.47364 0
  t 158 172 241
shp 7 7 14
  p 8.65257 14 2.88914 0
  p 6.98875 14 2.88914 0
  p 5.32297 14 2.88914 0
  p 5.31944 12.3322 2.88914 0
  p 6.31322 10.993 2.88914 0
  p 7.97929 10.9213 2.88914 0
  p 8.84815 12.3443 2.88914 0
  c 0 1 1.66814
  c 1 2 1.66814
  c 2 3 1.66814
  c 3 4 1.66814
  c 4 5 1.66814
  c 5 6 1.66814
  c 6 0 1.66814
  s 0 2 3.00588 276.404 1425.22
  s 0 3 3.74827 276.404 1425.22
  s 0 4 3.74827 276.404 1425.22
  s 0 5 3.00588 276.404 1425.22
  s 1 3 3.00588 276.404 1425.22
  s 1 4 3.74827 276.404 1425.22
  s 1 5 3.74827 276.404 1425.22
  s 1 6 3.00588 276.404 1425.22
  s 2 4 3.00588 276.404 1425.22
  s 2 5 3.74827 276.404 1425.22
  s 2 6 3.74827 276.404 1425.22
  s 3 5 3.00588 276.404 1425.22
  s 3 6 3.74827 276.404 1425.22
  s 4 6 3.00588 276.404 1425.22
  a 1.92233 0
  a 1.19855 1.50294
  a -0.42776 1.87413
  a -1.73196 0.834067
  a -1.73196 -0.834068
  a -0.427759 -1.87413
  a 1.19855 -1.50294
  o 7.06342 12.6565 0.696985 0
  t 206 135 211
shp 7 7 14
  p 12.3153 13.9965 1.01023 0
  p 11.346 14 1.01023 0
  p 10.3657 14 1.01023 0
  p 9.39095 13.9822 1.01023 0
  p 9.99636 13.2016 1.01023 0
  p 10.849 12.6974 1.01023 0
  p 11.5038 13.4451 1.01023 0
  c 0 1 0.986411
  c 1 2 0.986412
  c 2 3 0.986411
  c 3 4 0.986411
  c 4 5 0.986412
  c 5 6 0.986411
  c 6 0 0.986411
  s 0 2 1.77745 96.6491 498.349
  s 0 3 2.21645 96.6491 498.349
  s 0 4 2.21645 96.6491 498.349
  s 0 5 1.77745 96.6491 498.349
  s 1 3 1.77745 96.6491 498.349
  s 1 4 2.21645 96.6491 498.349
  s 1 5 2.21645 96.6491 498.349
  s 1 6 1.77745 96.6491 498.349
  s 2 4 1.77745 96.6491 498.349
  s 2 5 2.21645 96.6491 498.349
  s 2 6 2.21645 96.6491 498.349
  s 3 5 1.77745 96.6491 498.349
  s 3 6 2.21645 96.6491 498.349
  s 4 6 1.77745 96.6491 498.349
  a 1.13672 1.19209e-07
  a 0.708735 0.888726
  a -0.252945 1.10822
  a -1.02415 0.493206
  a -1.02415 -0.493206
  a -0.252944 -1.10822
  a 0.708735 -0.888725
  o 10.825 13.6189 0.235393 0
  t 190 203 223
shp 7 7 14
  p 15.7434 11.9676 6.18304 0
  p 14.3974 14 6.18304 0
  p 11.9585 14 6.18304 0
  p 10.386 12.1359 6.18304 0
  p 10.7796 9.72806 6.18304 0
  p 12.9711 8.65638 6.18304 0
  p 15.2281 9.58231 6.18304 0
  c 0 1 2.44033
  c 1 2 2.44033
  c 2 3 2.44033
  c 3 4 2.44033
  c 4 5 2.44033
  c 5 6 2.44033
  c 6 0 2.44033
  s 0 2 4.39732 591.531 3050.09
  s 0 3 5.48336 591.531 3050.09
  s 0 4 5.48336 591.531 3050.09
  s 0 5 4.39732 591.531 3050.09
  s 1 3 4.39732 591.531 3050.09
  s 1 4 5.48336 591.531 3050.09
  s 1 5 5.48336 591.531 3050.09
  s 1 6 4.39732 591.531 3050.09
  s 2 4 4.39732 591.531 3050.09
  s 2 5 5.48336 591.531 3050.09
  s 2 6 5.48336 591.531 3050.09
  s 3 5 4.39732 591.531 3050.09
  s 3 6 5.48336 591.531 3050.09
  s 4 6 4.39732 591.531 3050.09
  a 2.81219 0
  a 1.75337 2.19866
  a -0.625772 2.74168
  a -2.5337 1.22016
  a -2.5337 -1.22016
  a -0.625771 -2.74168
  a 1.75337 -2.19866
  o 13.0678 11.4386 0.190955 0
  t 160 152 193
shp 5 5 5
  p 15.0006 14 1.94284 0
  p 15.461 12.3834 1.94284 0
  p 17.0286 12.9762 1.94284 0
  p 18.3555 14 1.94284 0
  p 16.6796 14 1.94284 0
  c 0 1 1.68021
  c 1 2 1.68021
  c 2 3 1.68021
  c 3 4 1.68021
  c 4 0 1.68021
  s 0 2 2.71864 185.871 958.403
  s 0 3 2.71864 185.871 958.403
  s 1 3 2.71864 185.871 958.403
  s 1 4 2.71864 185.871 958.403
  s 2 4 2.71864 185.871 958.403
  a 1.42927 2.38419e-07
  a 0.441669 1.35932
  a -1.15631 0.840106
  a -1.15631 -0.840106
  a 0.441669 -1.35932
  o 16.5058 13.4735 2.77138 0
  t 135 198 151
shp 6 6 9
  p -14.7885 8.61839 1.1887 0
  p -14.7812 9.78917 1.1887 0
  p -14.7721 10.9621 1.1887 0
  p -15.8 11.5261 1.1887 0
  p -15.8 10.3615 1.1887 0
  p -15.8 9.19175 1.1887 0
  c 0 1 1.17157
  c 1 2 1.17158
  c 2 3 1.17157
  c 3 4 1.17157
  c 4 5 1.17158
  c 5 0 1.17157
  s 0 2 2.02923 113.723 586.384
  s 0 3 2.34315 113.723 586.384
  s 0 4 2.02923 113.723 586.384
  s 1 3 2.02923 113.723 586.384
  s 1 4 2.34315 113.723 586.384
  s 1 5 2.02923 113.723 586.384
  s 2 4 2.02923 113.723 586.384
  s 2 5 2.34315 113.723 586.384
  s 3 5 2.02923 113.723 586.384
  a 1.17157 -1.19209e-07
  a 0.585788 1.01461
  a -0.585788 1.01461
  a -1.17157 -2.38419e-07
  a -0.585788 -1.01461
  a 0.585788 -1.01461
  o -15.2924 10.0733 -1.23397 0
  t 186 223 211
shp 8 8 20
  p -1.84634 10.859 3.28681 0
  p -2.0159 12.4965 3.28681 0
  p -2.69066 14 3.28681 0
  p -4.33802 14 3.28681 0
  p -5.72459 13.1098 3.28681 0
  p -5.7323 11.4619 3.28681 0
  p -4.83896 10.0761 3.28681 0
  p -3.19804 9.91216 3.28681 0
  c 0 1 1.65012
  c 1 2 1.65012
  c 2 3 1.65012
  c 3 4 1.65012
  c 4 5 1.65012
  c 5 6 1.65012
  c 6 7 1.65012
  c 7 0 1.65012
  s 0 2 3.04902 314.449 1621.38
  s 0 3 3.98373 314.449 1621.38
  s 0 4 4.31196 314.449 1621.38
  s 0 5 3.98373 314.449 1621.38
  s 0 6 3.04902 314.449 1621.38
  s 1 3 3.04902 314.449 1621.38
  s 1 4 3.98373 314.449 1621.38
  s 1 5 4.31196 314.449 1621.38
  s 1 6 3.98373 314.449 1621.38
  s 1 7 3.04902 314.449 1621.38
  s 2 4 3.04902 314.449 1621.38
  s 2 5 3.98373 314.449 1621.38
  s 2 6 4.31196 314.449 1621.38
  s 2 7 3.98373 314.449 1621.38
  s 3 5 3.04902 314.449 1621.38
  s 3 6 3.98373 314.449 1621.38
  s 3 7 4.31196 314.449 1621.38
  s 4 6 3.04902 314.449 1621.38
  s 4 7 3.98373 314.449 1621.38
  s 5 7 3.04902 314.449 1621.38
  a 2.15598 1.19209e-07
  a 1.52451 1.52451
  a -2.38419e-07 2.15598
  a -1.52451 1.52451
  a -2.15598 -1.19209e-07
  a -1.52451 -1.52451
  a -2.38419e-07 -2.15598
  a 1.52451 -1.52451
  o -3.79995 11.9938 -0.516823 0
  t 208 210 238
shp 3 3 0
  p -1.63408 9.85243 3.22919 0
  p 1.67636 9.3673 3.22919 0
  p 0.441234 12.4753 3.22919 0
  c 0 1 3.34459
  c 1 2 3.34459
  c 2 0 3.34459
  a 1.931 0
  a -0.965499 1.67229
  a -0.965498 -1.67229
  o 0.162844 10.5659 -2.76392 0
  t 250 240 221
shp 7 7 14
  p 9.11317 11.164 2.79922 0
  p 7.5091 10.8287 2.79922 0
  p 7.20173 9.21879 2.79922 0
  p 7.96741 7.76727 2.79922 0
  p 9.60821 7.80074 2.79922 0
  p 10.7951 8.93416 2.79922 0
  p 10.6431 10.5683 2.79922 0
  c 0 1 1.64197
  c 1 2 1.64197
  c 2 3 1.64197
  c 3 4 1.64197
  c 4 5 1.64197
  c 5 6 1.64197
  c 6 0 1.64197
  s 0 2 2.95873 267.801 1380.86
  s 0 3 3.68947 267.801 1380.86
  s 0 4 3.68947 267.801 1380.86
  s 0 5 2.95873 267.801 1380.86
  s 1 3 2.95873 267.801 1380.86
  s 1 4 3.68947 267.801 1380.86
  s 1 5 3.68947 267.801 1380.86
  s 1 6 2.95873 267.801 1380.86
  s 2 4 2.95873 267.801 1380.86
  s 2 5 3.68947 267.801 1380.86
  s 2 6 3.68947 267.801 1380.86
  s 3 5 2.95873 267.801 1380.86
  s 3 6 3.68947 267.801 1380.86
  s 4 6 2.95873 267.801 1380.86
  a 1.89218 0
  a 1.17975 1.47936
  a -0.42105 1.84474
  a -1.70479 0.820985
  a -1.70479 -0.820986
  a -0.421049 -1.84474
  a 1.17975 -1.47936
  o 8.97839 9.46766 1.49114 0
  t 227 182 171
shp 9 9 27
  p -11.7657 9.09623 1.01568 0
  p -11.5922 8.25273 1.01568 0
  p -11.1923 7.49125 1.01568 0
  p -10.3411 7.36088 1.01568 0
  p -10.0732 8.17552 1.01568 0
  p -9.86373 9.0107 1.01568 0
  p -10.0372 9.85315 1.01568 0
  p -10.7808 9.42738 1.01568 0
  p -11.4873 9.91108 1.01568 0
  c 0 1 0.859857
  c 1 2 0.859857
  c 2 3 0.859857
  c 3 4 0.859857
  c 4 5 0.859857
  c 5 6 0.859857
  c 6 7 0.859857
  c 7 8 0.859857
  c 8 0 0.859857
  s 0 2 1.616 97.17 501.035
  s 0 3 2.17723 97.17 501.035
  s 0 4 2.47586 97.17 501.035
  s 0 5 2.47586 97.17 501.035
  s 0 6 2.17723 97.17 501.035
  s 0 7 1.616 97.17 501.035
  s 1 3 1.616 97.17 501.035
  s 1 4 2.17723 97.17 501.035
  s 1 5 2.47586 97.17 501.035
  s 1 6 2.47586 97.17 501.035
  s 1 7 2.17723 97.17 501.035
  s 1 8 1.616 97.17 501.035
  s 2 4 1.616 97.17 501.035
  s 2 5 2.17723 97.17 501.035
  s 2 6 2.47586 97.17 501.035
  s 2 7 2.47586 97.17 501.035
  s 2 8 2.17723 97.17 501.035
  s 3 5 1.616 97.17 501.035
  s 3 6 2.17723 97.17 501.035
  s 3 7 2.47586 97.17 501.035
  s 3 8 2.47586 97.17 501.035
  s 4 6 1.616 97.17 501.035
  s 4 7 2.17723 97.17 501.035
  s 4 8 2.47586 97.17 501.035
  s 5 7 1.616 97.17 501.035
  s 5 8 2.17723 97.17 501.035
  s 6 8 1.616 97.17 501.035
  a 1.25703 0
  a 0.962938 0.808001
  a 0.21828 1.23793
  a -0.628513 1.08862
  a -1.18122 0.429928
  a -1.18122 -0.429929
  a -0.628513 -1.08862
  a 0.218281 -1.23793
  a 0.962939 -0.808001
  o -10.7911 8.7255 2.94038 0
  t 233 145 151
shp 6 6 9
  p -1.63915 9.97453 1.47542 0
  p -2.9374 10.0987 1.47542 0
  p -4.00976 9.35488 1.47542 0
  p -3.68081 8.0916 1.47542 0
  p -2.42898 7.72192 1.47542 0
  p -1.53625 8.67341 1.47542 0
  c 0 1 1.30525
  c 1 2 1.30525
  c 2 3 1.30525
  c 3 4 1.30525
  c 4 5 1.30525
  c 5 0 1.30525
  s 0 2 2.26075 141.153 727.824
  s 0 3 2.61049 141.153 727.824
  s 0 4 2.26075 141.153 727.824
  s 1 3 2.26075 141.153 727.824
  s 1 4 2.61049 141.153 727.824
  s 1 5 2.26075 141.153 727.824
  s 2 4 2.26075 141.153 727.824
  s 2 5 2.61049 141.153 727.824
  s 3 5 2.26075 141.153 727.824
  a 1.30525 1.19209e-07
  a 0.652623 1.13038
  a -0.652623 1.13038
  a -1.30525 0
  a -0.652623 -1.13038
  a 0.652623 -1.13038
  o -2.7088 8.98991 0.747083 0
  t 241 176 175
shp 3 3 0
  p 7.29999 9.70355 3.37305 0
  p 5.23436 12.4303 3.37305 0
  p 3.90847 9.27672 3.37305 0
  c 0 1 3.41827
  c 1 2 3.41827
  c 2 0 3.41827
  a 1.97354 0
  a -0.98677 1.70914
  a -0.98677 -1.70914
  o 5.48312 10.4711 -0.398874 0
  t 187 229 163
shp 11 11 44
  p 9.33291 11.0765 0.721195 0
  p 9.93835 10.8354 0.721195 0
  p 10.5889 10.8593 0.721195 0
  p 10.4986 11.5012 0.721195 0
  p 10.3972 12.1466 0.721195 0
  p 10.5841 12.7667 0.721195 0
  p 10.0428 13.1311 0.721195 0
  p 9.62618 12.6344 0.721195 0
  p 9.02384 12.3884 0.721195 0
  p 8.57829 11.9164 0.721195 0
  p 8.7146 11.2787 0.721195 0
  c 0 1 0.650787
  c 1 2 0.650787
  c 2 3 0.650787
  c 3 4 0.650787
  c 4 5 0.650787
  c 5 6 0.650787
  c 6 7 0.650787
  c 7 8 0.650787
  c 8 9 0.650787
  c 9 10 0.650787
  c 10 0 0.650787
  s 0 2 1.24885 68.9967 355.765
  s 0 3 1.74574 68.9967 355.765
  s 0 4 2.1012 68.9967 355.765
  s 0 5 2.28643 68.9967 355.765
  s 0 6 2.28643 68.9967 355.765
  s 0 7 2.1012 68.9967 355.765
  s 0 8 1.74574 68.9967 355.765
  s 0 9 1.24885 68.9967 355.765
  s 1 3 1.24885 68.9967 355.765
  s 1 4 1.74574 68.9967 355.765
  s 1 5 2.1012 68.9967 355.765
  s 1 6 2.28643 68.9967 355.765
  s 1 7 2.28643 68.9967 355.765
  s 1 8 2.1012 68.9967 355.765
  s 1 9 1.74574 68.9967 355.765
  s 1 10 1.24885 68.9967 355.765
  s 2 4 1.24885 68.9967 355.765
  s 2 5 1.74574 68.9967 355.765
  s 2 6 2.1012 68.9967 355.765
  s 2 7 2.28643 68.9967 355.765
  s 2 8 2.28643 68.9967 355.765
  s 2 9 2.1012 68.9967 355.765
  s 2 10 1.74574 68.9967 355.765
  s 3 5 1.24885 68.9967 355.765
  s 3 6 1.74574 68.9967 355.765
  s 3 7 2.1012 68.9967 355.765
  s 3 8 2.28643 68.9967 355.765
  s 3 9 2.28643 68.9967 355.765
  s 3 10 2.1012 68.9967 355.765
  s 4 6 1.24885 68.9967 355.765
  s 4 7 1.74574 68.9967 355.765
  s 4 8 2.1012 68.9967 355.765
  s 4 9 2.28643 68.9967 355.765
  s 4 10 2.28643 68.9967 355.765
  s 5 7 1.24885 68.9967 355.765
  s 5 8 1.74574 68.9967 355.765
  s 5 9 2.1012 68.9967 355.765
  s 5 10 2.28643 68.9967 355.765
  s 6 8 1.24885 68.9967 355.765
  s 6 9 1.74574 68.9967 355.765
  s 6 10 2.1012 68.9967 355.765
  s 7 9 1.24885 68.9967 355.765
  s 7 10 1.74574 68.9967 355.765
  s 8 10 1.24885 68.9967 355.765
  a 1.15497 0
  a 0.971627 0.624426
  a 0.479795 1.0506
  a -0.164368 1.14322
  a -0.756345 0.87287
  a -1.10819 0.325393
  a -1.10819 -0.325394
  a -0.756345 -0.87287
  a -0.164368 -1.14322
  a 0.479795 -1.0506
  a 0.971627 -0.624425
  o 9.75858 11.8669 -2.05278 0
  t 223 173 229
shp 6 6 9
  p -11.9413 10.2351 2.17978 0
  p -13.2355 11.1498 2.17978 0
  p -14.7799 10.7872 2.17978 0
  p -14.8021 9.20123 2.17978 0
  p -13.2486 8.91582 2.17978 0
  p -11.6842 8.66998 2.17978 0
  c 0 1 1.58651
  c 1 2 1.5865
  c 2 3 1.58651
  c 3 4 1.5865
  c 4 5 1.5865
  c 5 0 1.5865
  s 0 2 2.74791 208.54 1075.29
  s 0 3 3.17301 208.54 1075.29
  s 0 4 2.74791 208.54 1075.29
  s 1 3 2.74791 208.54 1075.29
  s 1 4 3.17301 208.54 1075.29
  s 1 5 2.74791 208.54 1075.29
  s 2 4 2.74791 208.54 1075.29
  s 2 5 3.17301 208.54 1075.29
  s 3 5 2.74791 208.54 1075.29
  a 1.58651 4.76837e-07
  a 0.793254 1.37395
  a -0.79325 1.37395
  a -1.5865 2.38419e-07
  a -0.79325 -1.37395
  a 0.793254 -1.37395
  o -13.281 9.8243 0.430725 0
  t 185 216 217
shp 6 6 9
  p 4.59893 7.97134 2.9983 0
  p 2.90485 7.20578 2.9983 0
  p 2.65422 5.36229 2.9983 0
  p 4.16394 4.27525 2.9983 0
  p 5.86862 5.02023 2.9983 0
  p 6.09583 6.86614 2.9983 0
  c 0 1 1.86068
  c 1 2 1.86068
  c 2 3 1.86068
  c 3 4 1.86068
  c 4 5 1.86068
  c 5 0 1.86068
  s 0 2 3.2228 286.848 1479.06
  s 0 3 3.72137 286.848 1479.06
  s 0 4 3.2228 286.848 1479.06
  s 1 3 3.2228 286.848 1479.06
  s 1 4 3.72137 286.848 1479.06
  s 1 5 3.2228 286.848 1479.06
  s 2 4 3.2228 286.848 1479.06
  s 2 5 3.72137 286.848 1479.06
  s 3 5 3.2228 286.848 1479.06
  a 1.86068 0
  a 0.930341 1.6114
  a -0.930342 1.6114
  a -1.86068 -2.38419e-07
  a -0.930341 -1.6114
  a 0.930341 -1.6114
  o 4.37866 6.12171 1.45787 0
  t 188 240 198
shp 6 6 9
  p 13.7375 6.27187 4.6172 0
  p 13.3265 8.54288 4.6172 0
  p 11.1311 9.25742 4.6172 0
  p 9.46003 7.66481 4.6172 0
  p 9.90547 5.39956 4.6172 0
  p 12.0901 4.65394 4.6172 0
  c 0 1 2.309
  c 1 2 2.309
  c 2 3 2.309
  c 3 4 2.309
  c 4 5 2.309
  c 5 0 2.309
  s 0 2 3.99931 441.727 2277.66
  s 0 3 4.618 441.727 2277.66
  s 0 4 3.99931 441.727 2277.66
  s 1 3 3.99931 441.727 2277.66
  s 1 4 4.618 441.727 2277.66
  s 1 5 3.99931 441.727 2277.66
  s 2 4 3.99931 441.727 2277.66
  s 2 5 4.618 441.727 2277.66
  s 3 5 3.99931 441.727 2277.66
  a 2.309 0
  a 1.1545 1.99965
  a -1.1545 1.99965
  a -2.309 -2.38419e-07
  a -1.1545 -1.99965
  a 1.1545 -1.99965
  o 11.6066 6.96302 -0.310522 0
  t 215 143 199
shp 7 7 14
  p -10.7401 6.62341 5.50211 0
  p -11.7969 8.66675 5.50211 0
  p -14.0616 9.07032 5.50211 0
  p -15.8 7.56483 5.50211 0
  p -15.8 5.26311 5.50211 0
  p -13.863 4.01989 5.50211 0
  p -11.6105 4.49226 5.50211 0
  c 0 1 2.30203
  c 1 2 2.30203
  c 2 3 2.30203
  c 3 4 2.30203
  c 4 5 2.30203
  c 5 6 2.30203
  c 6 0 2.30203
  s 0 2 4.14812 526.387 2714.19
  s 0 3 5.17262 526.387 2714.19
  s 0 4 5.17262 526.387 2714.19
  s 0 5 4.14812 526.387 2714.19
  s 1 3 4.14812 526.387 2714.19
  s 1 4 5.17262 526.387 2714.19
  s 1 5 5.17262 526.387 2714.19
  s 1 6 4.14812 526.387 2714.19
  s 2 4 4.14812 526.387 2714.19
  s 2 5 5.17262 526.387 2714.19
  s 2 6 5.17262 526.387 2714.19
  s 3 5 4.14812 526.387 2714.19
  s 3 6 5.17262 526.387 2714.19
  s 4 6 4.14812 526.387 2714.19
  a 2.65282 -2.38419e-07
  a 1.65401 2.07406
  a -0.59031 2.58631
  a -2.39011 1.15102
  a -2.39011 -1.15102
  a -0.590308 -2.58631
  a 1.65401 -2.07406
  o -13.3819 6.52712 0.0360221 0
  t 140 159 195
shp 9 9 27
  p -4.47109 7.79643 5.39092 0
  p -4.53359 9.77418 5.39092 0
  p -5.931 11.1768 5.39092 0
  p -7.90088 11.3722 5.39092 0
  p -9.55329 10.2823 5.39092 0
  p -10.0377 8.36335 5.39092 0
  p -9.28308 6.53286 5.39092 0
  p -7.51661 5.63848 5.39092 0
  p -5.61111 6.17631 5.39092 0
  c 0 1 1.98098
  c 1 2 1.98098
  c 2 3 1.98098
  c 3 4 1.98098
  c 4 5 1.98098
  c 5 6 1.98098
  c 6 7 1.98098
  c 7 8 1.98098
  c 8 0 1.98098
  s 0 2 3.72302 515.749 2659.34
  s 0 3 5.01601 515.749 2659.34
  s 0 4 5.70399 515.749 2659.34
  s 0 5 5.70399 515.749 2659.34
  s 0 6 5.01601 515.749 2659.34
  s 0 7 3.72302 515.749 2659.34
  s 1 3 3.72302 515.749 2659.34
  s 1 4 5.01601 515.749 2659.34
  s 1 5 5.70399 515.749 2659.34
  s 1 6 5.70399 515.749 2659.34
  s 1 7 5.01601 515.749 2659.34
  s 1 8 3.72302 515.749 2659.34
  s 2 4 3.72302 515.749 2659.34
  s 2 5 5.01601 515.749 2659.34
  s 2 6 5.70399 515.749 2659.34
  s 2 7 5.70399 515.749 2659.34
  s 2 8 5.01601 515.749 2659.34
  s 3 5 3.72302 515.749 2659.34
  s 3 6 5.01601 515.749 2659.34
  s 3 7 5.70399 515.749 2659.34
  s 3 8 5.70399 515.749 2659.34
  s 4 6 3.72302 515.749 2659.34
  s 4 7 5.01601 515.749 2659.34
  s 4 8 5.70399 515.749 2659.34
  s 5 7 3.72302 515.749 2659.34
  s 5 8 5.01601 515.749 2659.34
  s 6 8 3.72302 515.749 2659.34
  a 2.89599 0
  a 2.21846 1.86151
  a 0.502884 2.852
  a -1.448 2.508
  a -2.72134 0.990488
  a -2.72134 -0.990489
  a -1.448 -2.508
  a 0.502885 -2.852
  a 2.21846 -1.86151
  o -7.20289 8.56977 -0.27716 0
  t 209 155 224
shp 5 5 5
  p 7.1353 9.67161 2.05954 0
  p 5.4204 9.47639 2.05954 0
  p 4.62593 7.93989 2.05954 0
  p 6.02688 6.92509 2.05954 0
  p 7.41008 7.96373 2.05954 0
  c 0 1 1.72994
  c 1 2 1.72994
  c 2 3 1.72994
  c 3 4 1.72994
  c 4 0 1.72994
  s 0 2 2.7991 197.036 1015.97
  s 0 3 2.7991 197.036 1015.97
  s 1 3 2.7991 197.036 1015.97
  s 1 4 2.7991 197.036 1015.97
  s 2 4 2.7991 197.036 1015.97
  a 1.47157 0
  a 0.454741 1.39955
  a -1.19053 0.864968
  a -1.19053 -0.864969
  a 0.454741 -1.39955
  o 6.12436 8.39672 0.905088 0
  t 228 179 217
shp 7 7 14
  p 19.2 12.6332 3.32043 0
  p 17.5032 13.1888 3.32043 0
  p 15.8536 12.5005 3.32043 0
  p 15.4773 10.7538 3.32043 0
  p 16.6186 9.37794 3.32043 0
  p 18.4014 9.25023 3.32043 0
  p 19.2 10.8455 3.32043 0
  c 0 1 1.78832
  c 1 2 1.78832
  c 2 3 1.78832
  c 3 4 1.78832
  c 4 5 1.78832
  c 5 6 1.78831
  c 6 0 1.78832
  s 0 2 3.22243 317.666 1637.97
  s 0 3 4.01831 317.666 1637.97
  s 0 4 4.01831 317.666 1637.97
  s 0 5 3.22243 317.666 1637.97
  s 1 3 3.22243 317.666 1637.97
  s 1 4 4.01831 317.666 1637.97
  s 1 5 4.01831 317.666 1637.97
  s 1 6 3.22243 317.666 1637.97
  s 2 4 3.22243 317.666 1637.97
  s 2 5 4.01831 317.666 1637.97
  s 2 6 4.01831 317.666 1637.97
  s 3 5 3.22243 317.666 1637.97
  s 3 6 4.01831 317.666 1637.97
  s 4 6 3.22243 317.666 1637.97
  a 2.06082 2.38419e-07
  a 1.2849 1.61122
  a -0.458577 2.00915
  a -1.85674 0.894158
  a -1.85674 -0.894158
  a -0.458576 -2.00915
  a 1.2849 -1.61122
  o 17.4647 11.2153 0.674109 0
  t 167 220 220
shp 7 7 14
  p -7.86277 5.70551 3.11445 0
  p -9.35695 6.57922 3.11445 0
  p -10.9929 6.01146 3.11445 0
  p -11.6198 4.397 3.11445 0
  p -10.6556 2.9582 3.11445 0
  p -8.9346 2.76345 3.11445 0
  p -7.70279 3.98089 3.11445 0
  c 0 1 1.73196
  c 1 2 1.73196
  c 2 3 1.73196
  c 3 4 1.73196
  c 4 5 1.73196
  c 5 6 1.73196
  c 6 0 1.73196
  s 0 2 3.12088 297.96 1536.36
  s 0 3 3.89168 297.96 1536.36
  s 0 4 3.89168 297.96 1536.36
  s 0 5 3.12088 297.96 1536.36
  s 1 3 3.12088 297.96 1536.36
  s 1 4 3.89168 297.96 1536.36
  s 1 5 3.89168 297.96 1536.36
  s 1 6 3.12088 297.96 1536.36
  s 2 4 3.12088 297.96 1536.36
  s 2 5 3.89168 297.96 1536.36
  s 2 6 3.89168 297.96 1536.36
  s 3 5 3.12088 297.96 1536.36
  s 3 6 3.89168 297.96 1536.36
  s 4 6 3.12088 297.96 1536.36
  a 1.99588 4.76837e-07
  a 1.24441 1.56044
  a -0.444125 1.94584
  a -1.79823 0.86598
  a -1.79823 -0.86598
  a -0.444124 -1.94584
  a 1.24441 -1.56044
  o -9.59165 4.62935 0.555606 0
  t 225 146 236
shp 10 10 35
  p 2.51192 9.06494 3.62302 0
  p 1.03595 9.47037 3.62302 0
  p -0.481609 9.68487 3.62302 0
  p -1.58727 8.62275 3.62302 0
  p -1.86695 7.11475 3.62302 0
  p -1.21607 5.72612 3.62302 0
  p 0.0673967 4.88573 3.62302 0
  p 1.59241 5.05267 3.62302 0
  p 2.72031 6.09249 3.62302 0
  p 2.98024 7.60365 3.62302 0
  c 0 1 1.5344
  c 1 2 1.5344
  c 2 3 1.5344
  c 3 4 1.5344
  c 4 5 1.5344
  c 5 6 1.5344
  c 6 7 1.5344
  c 7 8 1.5344
  c 8 9 1.5344
  c 9 0 1.5344
  s 0 2 2.9186 346.615 1787.24
  s 0 3 4.01711 346.615 1787.24
  s 0 4 4.7224 346.615 1787.24
  s 0 5 4.96542 346.615 1787.24
  s 0 6 4.7224 346.615 1787.24
  s 0 7 4.01711 346.615 1787.24
  s 0 8 2.9186 346.615 1787.24
  s 1 3 2.9186 346.615 1787.24
  s 1 4 4.01711 346.615 1787.24
  s 1 5 4.7224 346.615 1787.24
  s 1 6 4.96542 346.615 1787.24
  s 1 7 4.7224 346.615 1787.24
  s 1 8 4.01711 346.615 1787.24
  s 1 9 2.9186 346.615 1787.24
  s 2 4 2.9186 346.615 1787.24
  s 2 5 4.01711 346.615 1787.24
  s 2 6 4.7224 346.615 1787.24
  s 2 7 4.96542 346.615 1787.24
  s 2 8 4.7224 346.615 1787.24
  s 2 9 4.01711 346.615 1787.24
  s 3 5 2.9186 346.615 1787.24
  s 3 6 4.01711 346.615 1787.24
  s 3 7 4.7224 346.615 1787.24
  s 3 8 4.96542 346.615 1787.24
  s 3 9 4.7224 346.615 1787.24
  s 4 6 2.9186 346.615 1787.24
  s 4 7 4.01711 346.615 1787.24
  s 4 8 4.7224 346.615 1787.24
  s 4 9 4.96542 346.615 1787.24
  s 5 7 2.9186 346.615 1787.24
  s 5 8 4.01711 346.615 1787.24
  s 5 9 4.7224 346.615 1787.24
  s 6 8 2.9186 346.615 1787.24
  s 6 9 4.01711 346.615 1787.24
  s 7 9 2.9186 346.615 1787.24
  a 2.48271 0
  a 2.00856 1.4593
  a 0.7672 2.3612
  a -0.767201 2.3612
  a -2.00856 1.4593
  a -2.48271 0
  a -2.00856 -1.4593
  a -0.767201 -2.3612
  a 0.7672 -2.3612
  a 2.00856 -1.4593
  o 0.569357 7.33348 0.731044 0
  t 176 176 201
shp 9 9 27
  p 9.60908 6.91837 2.62756 0
  p 8.52663 7.77594 2.62756 0
  p 7.14491 7.76708 2.62756 0
  p 6.09388 6.86908 2.62756 0
  p 5.925 5.49701 2.62756 0
  p 6.59074 4.28509 2.62756 0
  p 7.89999 3.8403 2.62756 0
  p 9.17785 4.36764 2.62756 0
  p 9.87507 5.56117 2.62756 0
  c 0 1 1.38301
  c 1 2 1.38301
  c 2 3 1.38301
  c 3 4 1.38301
  c 4 5 1.38301
  c 5 6 1.38301
  c 6 7 1.38301
  c 7 8 1.38301
  c 8 0 1.38301
  s 0 2 2.5992 251.379 1296.18
  s 0 3 3.5019 251.379 1296.18
  s 0 4 3.98221 251.379 1296.18
  s 0 5 3.98221 251.379 1296.18
  s 0 6 3.5019 251.379 1296.18
  s 0 7 2.5992 251.379 1296.18
  s 1 3 2.5992 251.379 1296.18
  s 1 4 3.5019 251.379 1296.18
  s 1 5 3.98221 251.379 1296.18
  s 1 6 3.98221 251.379 1296.18
  s 1 7 3.5019 251.379 1296.18
  s 1 8 2.5992 251.379 1296.18
  s 2 4 2.5992 251.379 1296.18
  s 2 5 3.5019 251.379 1296.18
  s 2 6 3.98221 251.379 1296.18
  s 2 7 3.98221 251.379 1296.18
  s 2 8 3.5019 251.379 1296.18
  s 3 5 2.5992 251.379 1296.18
  s 3 6 3.5019 251.379 1296.18
  s 3 7 3.98221 251.379 1296.18
  s 3 8 3.98221 251.379 1296.18
  s 4 6 2.5992 251.379 1296.18
  s 4 7 3.5019 251.379 1296.18
  s 4 8 3.98221 251.379 1296.18
  s 5 7 2.5992 251.379 1296.18
  s 5 8 3.5019 251.379 1296.18
  s 6 8 2.5992 251.379 1296.18
  a 2.02182 -9.53674e-07
  a 1.5488 1.2996
  a 0.351085 1.9911
  a -1.01091 1.75095
  a -1.89989 0.691502
  a -1.89989 -0.691505
  a -1.01091 -1.75095
  a 0.351087 -1.99111
  a 1.54881 -1.2996
  o 7.86933 5.87439 0.540584 0
  t 202 243 202
shp 7 7 14
  p 19.2 5.3631 6.71498 0
  p 19.2 7.90518 6.71498 0
  p 17.107 9.34827 6.71498 0
  p 14.6229 8.80577 6.71498 0
  p 13.7047 6.4346 6.71498 0
  p 14.8175 4.14813 6.71498 0
  p 17.3129 3.65947 6.71498 0
  c 0 1 2.54313
  c 1 2 2.54313
  c 2 3 2.54313
  c 3 4 2.54313
  c 4 5 2.54313
  c 5 6 2.54313
  c 6 0 2.54313
  s 0 2 4.58257 642.422 3312.5
  s 0 3 5.71437 642.422 3312.5
  s 0 4 5.71437 642.422 3312.5
  s 0 5 4.58257 642.422 3312.5
  s 1 3 4.58257 642.422 3312.5
  s 1 4 5.71437 642.422 3312.5
  s 1 5 5.71437 642.422 3312.5
  s 1 6 4.58257 642.422 3312.5
  s 2 4 4.58257 642.422 3312.5
  s 2 5 5.71437 642.422 3312.5
  s 2 6 5.71437 642.422 3312.5
  s 3 5 4.58257 642.422 3312.5
  s 3 6 5.71437 642.422 3312.5
  s 4 6 4.58257 642.422 3312.5
  a 2.93066 4.76837e-07
  a 1.82724 2.29128
  a -0.652135 2.85718
  a -2.64044 1.27157
  a -2.64044 -1.27157
  a -0.652133 -2.85718
  a 1.82724 -2.29128
  o 16.567 6.51467 -0.414851 0
  t 160 246 170
shp 3 3 0
  p -11.7473 2.80183 6.32248 0
  p -15.8 5.14216 6.32248 0
  p -15.8 0.462034 6.32248 0
  c 0 1 4.67992
  c 1 2 4.67992
  c 2 0 4.67992
  a 2.70196 4.76837e-07
  a -1.35098 2.33996
  a -1.35098 -2.33996
  o -14.4494 2.79548 -2.50613e-05 0
  t 196 230 231
shp 6 6 9
  p -4.70016 7.47918 6.28056 0
  p -6.24625 5.27578 6.28056 0
  p -5.00461 2.88623 6.28056 0
  p -2.31716 2.71806 6.28056 0
  p -0.864497 4.98528 6.28056 0
  p -2.00778 7.42257 6.28056 0
  c 0 1 2.69298
  c 1 2 2.69298
  c 2 3 2.69298
  c 3 4 2.69298
  c 4 5 2.69298
  c 5 0 2.69298
  s 0 2 4.66438 600.861 3098.2
  s 0 3 5.38597 600.861 3098.2
  s 0 4 4.66438 600.861 3098.2
  s 1 3 4.66438 600.861 3098.2
  s 1 4 5.38597 600.861 3098.2
  s 1 5 4.66439 600.861 3098.2
  s 2 4 4.66439 600.861 3098.2
  s 2 5 5.38597 600.861 3098.2
  s 3 5 4.66438 600.861 3098.2
  a 2.69298 0
  a 1.34649 2.33219
  a -1.34649 2.33219
  a -2.69298 0
  a -1.34649 -2.33219
  a 1.34649 -2.33219
  o -3.52607 5.12146 2.03766 0
  t 166 203 174
shp 3 3 0
  p 3.10138 5.04276 2.20013 0
  p 0.343269 4.91674 2.20013 0
  p 1.83172 2.59131 2.20013 0
  c 0 1 2.7607
  c 1 2 2.7607
  c 2 0 2.7607
  a 1.59389 0
  a -0.796945 1.38035
  a -0.796945 -1.38035
  o 1.76918 4.18251 0.566014 0
  t 193 201 125
shp 6 6 9
  p 10.5615 2.95518 1.26673 0
  p 11.5529 3.64706 1.26673 0
  p 11.5037 4.85552 1.26673 0
  p 10.3588 5.24585 1.26673 0
  p 9.32432 4.61893 1.26673 0
  p 9.44296 3.41521 1.26673 0
  c 0 1 1.20942
  c 1 2 1.20942
  c 2 3 1.20942
  c 3 4 1.20942
  c 4 5 1.20942
  c 5 0 1.20942
  s 0 2 2.09477 121.188 624.877
  s 0 3 2.41884 121.188 624.877
  s 0 4 2.09477 121.188 624.877
  s 1 3 2.09477 121.188 624.877
  s 1 4 2.41884 121.188 624.877
  s 1 5 2.09477 121.188 624.877
  s 2 4 2.09477 121.188 624.877
  s 2 5 2.41884 121.188 624.877
  s 3 5 2.09477 121.188 624.877
  a 1.20942 0
  a 0.60471 1.04739
  a -0.604708 1.04739
  a -1.20942 0
  a -0.604708 -1.04739
  a 0.60471 -1.04739
  o 10.4634 4.12083 -1.47565 0
  t 168 195 152
bnd -69.8589 -43.5041 13.9245 23.3477
shp 9 9 27
  p -19.4665 -10.7279 2.07208 0
  p -19.3234 -9.50985 2.07208 0
  p -20.0583 -8.52758 2.07208 0
  p -21.2218 -8.13773 2.07208 0
  p -22.345 -8.63161 2.07208 0
  p -22.9108 -9.72089 2.07208 0
  p -22.6408 -10.9184 2.07208 0
  p -21.6267 -11.6102 2.07208 0
  p -20.4023 -11.5233 2.07208 0
  c 0 1 1.22815
  c 1 2 1.22815
  c 2 3 1.22815
  c 3 4 1.22815
  c 4 5 1.22815
  c 5 6 1.22815
  c 6 7 1.22815
  c 7 8 1.22815
  c 8 0 1.22815
  s 0 2 2.30817 198.236 1022.16
  s 0 3 3.10978 198.236 1022.16
  s 0 4 3.53632 198.236 1022.16
  s 0 5 3.53632 198.236 1022.16
  s 0 6 3.10978 198.236 1022.16
  s 0 7 2.30817 198.236 1022.16
  s 1 3 2.30817 198.236 1022.16
  s 1 4 3.10978 198.236 1022.16
  s 1 5 3.53632 198.236 1022.16
  s 1 6 3.53632 198.236 1022.16
  s 1 7 3.10978 198.236 1022.16
  s 1 8 2.30817 198.236 1022.16
  s 2 4 2.30817 198.236 1022.16
  s 2 5 3.10978 198.236 1022.16
  s 2 6 3.53632 198.236 1022.16
  s 2 7 3.53632 198.236 1022.16
  s 2 8 3.10978 198.236 1022.16
  s 3 5 2.30817 198.236 1022.16
  s 3 6 3.10978 198.236 1022.16
  s 3 7 3.53632 198.236 1022.16
  s 3 8 3.53632 198.236 1022.16
  s 4 6 2.30817 198.236 1022.16
  s 4 7 3.10978 198.236 1022.16
  s 4 8 3.53632 198.236 1022.16
  s 5 7 2.30817 198.236 1022.16
  s 5 8 3.10978 198.236 1022.16
  s 6 8 2.30817 198.236 1022.16
  a 1.79543 2.38419e-07
  a 1.37538 1.15408
  a 0.311773 1.76816
  a -0.897718 1.55489
  a -1.68716 0.614075
  a -1.68716 -0.614075
  a -0.897717 -1.55489
  a 0.311774 -1.76816
  a 1.37538 -1.15408
  o -21.111 -9.92325 -0.464144 0
  t 182 252 201
shp 7 7 14
  p -42.5321 12.6244 2.57613 0
  p -44.0398 12.1748 2.57613 0
  p -44.5695 10.6916 2.57613 0
  p -43.7651 9.33754 2.57613 0
  p -42.2049 9.12207 2.57613 0
  p -41.0449 10.1871 2.57613 0
  p -41.2211 11.7511 2.57613 0
  c 0 1 1.57518
  c 1 2 1.57518
  c 2 3 1.57518
  c 3 4 1.57518
  c 4 5 1.57518
  c 5 6 1.57518
  c 6 0 1.57518
  s 0 2 2.83838 246.458 1270.8
  s 0 3 3.5394 246.458 1270.8
  s 0 4 3.5394 246.458 1270.8
  s 0 5 2.83838 246.458 1270.8
  s 1 3 2.83838 246.458 1270.8
  s 1 4 3.5394 246.458 1270.8
  s 1 5 3.5394 246.458 1270.8
  s 1 6 2.83838 246.458 1270.8
  s 2 4 2.83838 246.458 1270.8
  s 2 5 3.5394 246.458 1270.8
  s 2 6 3.5394 246.458 1270.8
  s 3 5 2.83838 246.458 1270.8
  s 3 6 3.5394 246.458 1270.8
  s 4 6 2.83838 246.458 1270.8
  a 1.81521 -9.53674e-07
  a 1.13177 1.41919
  a -0.403923 1.7697
  a -1.63545 0.787589
  a -1.63545 -0.787592
  a -0.403922 -1.7697
  a 1.13177 -1.41919
  o -42.7682 10.8409 1.43396 0
  t 210 194 233
shp 8 8 20
  p -28.2457 -10.1764 5.03341 0
  p -28.1677 -8.13712 5.03341 0
  p -29.715 -6.80798 5.03341 0
  p -31.7181 -6.41931 5.03341 0
  p -33.0074 -8.00094 5.03341 0
  p -33.2831 -10.0236 5.03341 0
  p -31.8745 -11.5009 5.03341 0
  p -29.8334 -11.4606 5.03341 0
  c 0 1 2.04201
  c 1 2 2.04201
  c 2 3 2.04201
  c 3 4 2.04201
  c 4 5 2.04201
  c 5 6 2.04201
  c 6 7 2.04201
  c 7 0 2.04201
  s 0 2 3.77315 481.547 2482.98
  s 0 3 4.92986 481.547 2482.98
  s 0 4 5.33604 481.547 2482.98
  s 0 5 4.92986 481.547 2482.98
  s 0 6 3.77315 481.547 2482.98
  s 1 3 3.77315 481.547 2482.98
  s 1 4 4.92986 481.547 2482.98
  s 1 5 5.33604 481.547 2482.98
  s 1 6 4.92986 481.547 2482.98
  s 1 7 3.77315 481.547 2482.98
  s 2 4 3.77315 481.547 2482.98
  s 2 5 4.92986 481.547 2482.98
  s 2 6 5.33604 481.547 2482.98
  s 2 7 4.92986 481.547 2482.98
  s 3 5 3.77315 481.547 2482.98
  s 3 6 4.92986 481.547 2482.98
  s 3 7 5.33604 481.547 2482.98
  s 4 6 3.77315 481.547 2482.98
  s 4 7 4.92986 481.547 2482.98
  s 5 7 3.77315 481.547 2482.98
  a 2.66802 0
  a 1.88657 1.88657
  a 0 2.66802
  a -1.88657 1.88657
  a -2.66802 0
  a -1.88657 -1.88658
  a 0 -2.66802
  a 1.88657 -1.88657
  o -30.7306 -9.06623 -0.42982 0
  t 175 238 235
shp 9 9 27
  p -25.2708 -7.29645 2.037 0
  p -24.0566 -7.3638 2.037 0
  p -23.4864 -6.28745 2.037 0
  p -22.9956 -5.17346 2.037 0
  p -24.1525 -4.82551 2.037 0
  p -25.3387 -4.57598 2.037 0
  p -26.5539 -4.60571 2.037 0
  p -26.4556 -5.81828 2.037 0
  p -26.4606 -7.03577 2.037 0
  c 0 1 1.21771
  c 1 2 1.21771
  c 2 3 1.21771
  c 3 4 1.21771
  c 4 5 1.21771
  c 5 6 1.21771
  c 6 7 1.21771
  c 7 8 1.21771
  c 8 0 1.21771
  s 0 2 2.28855 194.88 1004.85
  s 0 3 3.08335 194.88 1004.85
  s 0 4 3.50626 194.88 1004.85
  s 0 5 3.50626 194.88 1004.85
  s 0 6 3.08335 194.88 1004.85
  s 0 7 2.28855 194.88 1004.85
  s 1 3 2.28855 194.88 1004.85
  s 1 4 3.08335 194.88 1004.85
  s 1 5 3.50626 194.88 1004.85
  s 1 6 3.50626 194.88 1004.85
  s 1 7 3.08335 194.88 1004.85
  s 1 8 2.28855 194.88 1004.85
  s 2 4 2.28855 194.88 1004.85
  s 2 5 3.08335 194.88 1004.85
  s 2 6 3.50626 194.88 1004.85
  s 2 7 3.50626 194.88 1004.85
  s 2 8 3.08335 194.88 1004.85
  s 3 5 2.28855 194.88 1004.85
  s 3 6 3.08335 194.88 1004.85
  s 3 7 3.50626 194.88 1004.85
  s 3 8 3.50626 194.88 1004.85
  s 4 6 2.28855 194.88 1004.85
  s 4 7 3.08335 194.88 1004.85
  s 4 8 3.50626 194.88 1004.85
  s 5 7 2.28855 194.88 1004.85
  s 5 8 3.08335 194.88 1004.85
  s 6 8 2.28855 194.88 1004.85
  a 1.78017 0
  a 1.36369 1.14427
  a 0.30912 1.75313
  a -0.890091 1.54168
  a -1.67282 0.608856
  a -1.67282 -0.608856
  a -0.890091 -1.54168
  a 0.30912 -1.75313
  a 1.36369 -1.14427
  o -24.9747 -5.88708 -1.74696 0
  t 160 203 243
shp 11 11 44
  p -27.0176 14.0645 3.76701 0
  p -26.9619 12.5803 3.76701 0
  p -26.0396 11.4137 3.76701 0
  p -24.6309 10.9374 3.76701 0
  p -23.1846 11.2817 3.76701 0
  p -22.1802 12.3778 3.76701 0
  p -21.9521 13.8462 3.76701 0
  p -22.39 15.2663 3.76701 0
  p -23.6431 16.0653 3.76701 0
  p -25.1286 16.0496 3.76701 0
  p -26.4906 15.4552 3.76701 0
  c 0 1 1.48734
  c 1 2 1.48734
  c 2 3 1.48734
  c 3 4 1.48734
  c 4 5 1.48734
  c 5 6 1.48734
  c 6 7 1.48734
  c 7 8 1.48734
  c 8 9 1.48734
  c 9 10 1.48734
  c 10 0 1.48734
  s 0 2 2.85419 360.39 1858.27
  s 0 3 3.98981 360.39 1858.27
  s 0 4 4.8022 360.39 1858.27
  s 0 5 5.22554 360.39 1858.27
  s 0 6 5.22554 360.39 1858.27
  s 0 7 4.8022 360.39 1858.27
  s 0 8 3.98981 360.39 1858.27
  s 0 9 2.85419 360.39 1858.27
  s 1 3 2.85419 360.39 1858.27
  s 1 4 3.98981 360.39 1858.27
  s 1 5 4.8022 360.39 1858.27
  s 1 6 5.22554 360.39 1858.27
  s 1 7 5.22554 360.39 1858.27
  s 1 8 4.8022 360.39 1858.27
  s 1 9 3.98981 360.39 1858.27
  s 1 10 2.85419 360.39 1858.27
  s 2 4 2.85419 360.39 1858.27
  s 2 5 3.98981 360.39 1858.27
  s 2 6 4.8022 360.39 1858.27
  s 2 7 5.22554 360.39 1858.27
  s 2 8 5.22554 360.39 1858.27
  s 2 9 4.8022 360.39 1858.27
  s 2 10 3.98981 360.39 1858.27
  s 3 5 2.85419 360.39 1858.27
  s 3 6 3.98981 360.39 1858.27
  s 3 7 4.8022 360.39 1858.27
  s 3 8 5.22554 360.39 1858.27
  s 3 9 5.22554 360.39 1858.27
  s 3 10 4.8022 360.39 1858.27
  s 4 6 2.85419 360.39 1858.27
  s 4 7 3.98981 360.39 1858.27
  s 4 8 4.8022 360.39 1858.27
  s 4 9 5.22554 360.39 1858.27
  s 4 10 5.22554 360.39 1858.27
  s 5 7 2.85419 360.39 1858.27
  s 5 8 3.98981 360.39 1858.27
  s 5 9 4.8022 360.39 1858.27
  s 5 10 5.22554 360.39 1858.27
  s 6 8 2.85419 360.39 1858.27
  s 6 9 3.98981 360.39 1858.27
  s 6 10 4.8022 360.39 1858.27
  s 7 9 2.85419 360.39 1858.27
  s 7 10 3.98981 360.39 1858.27
  s 8 10 2.85419 360.39 1858.27
  a 2.63964 -1.90735e-06
  a 2.2206 1.42709
  a 1.09655 2.4011
  a -0.37566 2.61277
  a -1.7286 1.9949
  a -2.53271 0.74367
  a -2.53271 -0.743673
  a -1.72859 -1.99491
  a -0.375659 -2.61277
  a 1.09655 -2.4011
  a 2.2206 -1.4271
  o -24.5109 13.5758 2.95423 0
  t 197 154 123
shp 8 8 20
  p -9.59919 16.2334 4.74228 0
  p -11.422 15.4601 4.74228 0
  p -11.1773 13.4973 4.74228 0
  p -10.4759 11.6444 4.74228 0
  p -8.51567 11.3522 4.74228 0
  p -6.85179 12.4289 4.74228 0
  p -6.93068 14.4063 4.74228 0
  p -7.61727 16.2647 4.74228 0
  c 0 1 1.98208
  c 1 2 1.98208
  c 2 3 1.98208
  c 3 4 1.98208
  c 4 5 1.98208
  c 5 6 1.98208
  c 6 7 1.98208
  c 7 0 1.98208
  s 0 2 3.6624 453.694 2339.37
  s 0 3 4.78516 453.694 2339.37
  s 0 4 5.17942 453.694 2339.37
  s 0 5 4.78516 453.694 2339.37
  s 0 6 3.6624 453.694 2339.37
  s 1 3 3.6624 453.694 2339.37
  s 1 4 4.78516 453.694 2339.37
  s 1 5 5.17942 453.694 2339.37
  s 1 6 4.78516 453.694 2339.37
  s 1 7 3.6624 453.694 2339.37
  s 2 4 3.6624 453.694 2339.37
  s 2 5 4.78516 453.694 2339.37
  s 2 6 5.17942 453.694 2339.37
  s 2 7 4.78516 453.694 2339.37
  s 3 5 3.6624 453.694 2339.37
  s 3 6 4.78516 453.694 2339.37
  s 3 7 5.17942 453.694 2339.37
  s 4 6 3.6624 453.694 2339.37
  s 4 7 4.78516 453.694 2339.37
  s 5 7 3.6624 453.694 2339.37
  a 2.58971 0
  a 1.8312 1.8312
  a 0 2.58971
  a -1.8312 1.8312
  a -2.58971 0
  a -1.8312 -1.8312
  a 0 -2.58971
  a 1.8312 -1.8312
  o -9.07373 13.9105 1.78605 0
  t 159 209 161
shp 9 9 27
  p -24.0626 -7.36329 1.80331 0
  p -23.3134 -8.22734 1.80331 0
  p -22.2248 -8.5827 1.80331 0
  p -21.1767 -8.12086 1.80331 0
  p -21.0467 -6.98541 1.80331 0
  p -20.9159 -5.84972 1.80331 0
  p -21.9174 -5.29978 1.80331 0
  p -23.063 -5.30694 1.80331 0
  p -23.5287 -6.3508 1.80331 0
  c 0 1 1.14573
  c 1 2 1.14573
  c 2 3 1.14573
  c 3 4 1.14573
  c 4 5 1.14573
  c 5 6 1.14573
  c 6 7 1.14573
  c 7 8 1.14573
  c 8 0 1.14573
  s 0 2 2.15327 172.523 889.573
  s 0 3 2.90109 172.523 889.573
  s 0 4 3.299 172.523 889.573
  s 0 5 3.299 172.523 889.573
  s 0 6 2.90109 172.523 889.573
  s 0 7 2.15327 172.523 889.573
  s 1 3 2.15327 172.523 889.573
  s 1 4 2.90109 172.523 889.573
  s 1 5 3.299 172.523 889.573
  s 1 6 3.299 172.523 889.573
  s 1 7 2.90109 172.523 889.573
  s 1 8 2.15327 172.523 889.573
  s 2 4 2.15327 172.523 889.573
  s 2 5 2.90109 172.523 889.573
  s 2 6 3.299 172.523 889.573
  s 2 7 3.299 172.523 889.573
  s 2 8 2.90109 172.523 889.573
  s 3 5 2.15327 172.523 889.573
  s 3 6 2.90109 172.523 889.573
  s 3 7 3.299 172.523 889.573
  s 3 8 3.299 172.523 889.573
  s 4 6 2.15327 172.523 889.573
  s 4 7 2.90109 172.523 889.573
  s 4 8 3.299 172.523 889.573
  s 5 7 2.15327 172.523 889.573
  s 5 8 2.9011 172.523 889.573
  s 6 8 2.15327 172.523 889.573
  a 1.67495 3.8147e-06
  a 1.28308 1.07664
  a 0.290852 1.64951
  a -0.837473 1.45055
  a -1.57394 0.572868
  a -1.57394 -0.572861
  a -0.837473 -1.45054
  a 0.290852 -1.6495
  a 1.28308 -1.07663
  o -22.3612 -6.89874 -2.88278 0
  t 156 185 208
shp 10 10 35
  p -1.88169 -13.0453 5.00094 0
  p -2.39795 -11.3194 5.00094 0
  p -3.79024 -10.176 5.00094 0
  p -5.57984 -9.96686 5.00094 0
  p -7.05112 -11.0073 5.00094 0
  p -7.70593 -12.6862 5.00094 0
  p -7.29321 -14.4407 5.00094 0
  p -5.88926 -15.5712 5.00094 0
  p -4.08982 -15.676 5.00094 0
  p -2.56641 -14.7129 5.00094 0
  c 0 1 1.80272
  c 1 2 1.80272
  c 2 3 1.80273
  c 3 4 1.80272
  c 4 5 1.80272
  c 5 6 1.80272
  c 6 7 1.80272
  c 7 8 1.80273
  c 8 9 1.80272
  c 9 0 1.80272
  s 0 2 3.42898 478.44 2466.96
  s 0 3 4.71959 478.44 2466.96
  s 0 4 5.54821 478.44 2466.96
  s 0 5 5.83373 478.44 2466.96
  s 0 6 5.54821 478.44 2466.96
  s 0 7 4.71959 478.44 2466.96
  s 0 8 3.42898 478.44 2466.96
  s 1 3 3.42898 478.44 2466.96
  s 1 4 4.71959 478.44 2466.96
  s 1 5 5.54821 478.44 2466.96
  s 1 6 5.83373 478.44 2466.96
  s 1 7 5.54821 478.44 2466.96
  s 1 8 4.71959 478.44 2466.96
  s 1 9 3.42898 478.44 2466.96
  s 2 4 3.42899 478.44 2466.96
  s 2 5 4.71959 478.44 2466.96
  s 2 6 5.54821 478.44 2466.96
  s 2 7 5.83374 478.44 2466.96
  s 2 8 5.54821 478.44 2466.96
  s 2 9 4.71959 478.44 2466.96
  s 3 5 3.42898 478.44 2466.96
  s 3 6 4.71959 478.44 2466.96
  s 3 7 5.54821 478.44 2466.96
  s 3 8 5.83373 478.44 2466.96
  s 3 9 5.54821 478.44 2466.96
  s 4 6 3.42898 478.44 2466.96
  s 4 7 4.71959 478.44 2466.96
  s 4 8 5.54821 478.44 2466.96
  s 4 9 5.83373 478.44 2466.96
  s 5 7 3.42898 478.44 2466.96
  s 5 8 4.71959 478.44 2466.96
  s 5 9 5.54821 478.44 2466.96
  s 6 8 3.42898 478.44 2466.96
  s 6 9 4.71959 478.44 2466.96
  s 7 9 3.42898 478.44 2466.96
  a 2.91687 3.8147e-06
  a 2.3598 1.71449
  a 0.901367 2.77411
  a -0.90136 2.77411
  a -2.35979 1.71449
  a -2.91686 3.8147e-06
  a -2.35979 -1.71449
  a -0.90136 -2.7741
  a 0.901367 -2.7741
  a 2.3598 -1.71449
  o -4.82476 -12.8604 -0.0600181 0
  t 248 183 156
shp 11 11 44
  p -30.707 15.9832 4.49098 0
  p -32.0651 15.0969 4.49098 0
  p -32.5852 13.5593 4.49098 0
  p -32.2652 11.9678 4.49098 0
  p -31.171 10.7683 4.49098 0
  p -29.5885 10.4046 4.49098 0
  p -28.0558 10.9405 4.49098 0
  p -27.0415 12.2078 4.49098 0
  p -27.0034 13.8298 4.49098 0
  p -27.6038 15.3372 4.49098 0
  p -29.0831 16.0036 4.49098 0
  c 0 1 1.62398
  c 1 2 1.62398
  c 2 3 1.62399
  c 3 4 1.62398
  c 4 5 1.62398
  c 5 6 1.62399
  c 6 7 1.62398
  c 7 8 1.62398
  c 8 9 1.62399
  c 9 10 1.62398
  c 10 0 1.62398
  s 0 2 3.1164 429.652 2215.4
  s 0 3 4.35635 429.652 2215.4
  s 0 4 5.24337 429.652 2215.4
  s 0 5 5.7056 429.652 2215.4
  s 0 6 5.7056 429.652 2215.4
  s 0 7 5.24337 429.652 2215.4
  s 0 8 4.35635 429.652 2215.4
  s 0 9 3.1164 429.652 2215.4
  s 1 3 3.1164 429.652 2215.4
  s 1 4 4.35635 429.652 2215.4
  s 1 5 5.24337 429.652 2215.4
  s 1 6 5.7056 429.652 2215.4
  s 1 7 5.7056 429.652 2215.4
  s 1 8 5.24337 429.652 2215.4
  s 1 9 4.35635 429.652 2215.4
  s 1 10 3.1164 429.652 2215.4
  s 2 4 3.1164 429.652 2215.4
  s 2 5 4.35635 429.652 2215.4
  s 2 6 5.24337 429.652 2215.4
  s 2 7 5.7056 429.652 2215.4
  s 2 8 5.7056 429.652 2215.4
  s 2 9 5.24337 429.652 2215.4
  s 2 10 4.35635 429.652 2215.4
  s 3 5 3.1164 429.652 2215.4
  s 3 6 4.35635 429.652 2215.4
  s 3 7 5.24337 429.652 2215.4
  s 3 8 5.7056 429.652 2215.4
  s 3 9 5.7056 429.652 2215.4
  s 3 10 5.24337 429.652 2215.4
  s 4 6 3.1164 429.652 2215.4
  s 4 7 4.35635 429.652 2215.4
  s 4 8 5.24337 429.652 2215.4
  s 4 9 5.7056 429.652 2215.4
  s 4 10 5.7056 429.652 2215.4
  s 5 7 3.1164 429.652 2215.4
  s 5 8 4.35635 429.652 2215.4
  s 5 9 5.24337 429.652 2215.4
  s 5 10 5.70561 429.652 2215.4
  s 6 8 3.1164 429.652 2215.4
  s 6 9 4.35635 429.652 2215.4
  s 6 10 5.24337 429.652 2215.4
  s 7 9 3.1164 429.652 2215.4
  s 7 10 4.35635 429.652 2215.4
  s 8 10 3.11641 429.652 2215.4
  a 2.88214 -3.8147e-06
  a 2.42461 1.5582
  a 1.19728 2.62168
  a -0.410172 2.8528
  a -1.8874 2.17817
  a -2.76539 0.811989
  a -2.76539 -0.811996
  a -1.8874 -2.17818
  a -0.410172 -2.85281
  a 1.19728 -2.62169
  a 2.42461 -1.5582
  o -29.7427 13.2814 1.90824 0
  t 182 202 177
shp 10 10 35
  p -11.3426 14.834 4.90243 0
  p -12.625 16.0718 4.90243 0
  p -14.4059 16.1735 4.90243 0
  p -15.9778 15.3301 4.90243 0
  p -16.6004 13.6581 4.90243 0
  p -16.3026 11.8987 4.90243 0
  p -14.9786 10.7026 4.90243 0
  p -13.204 10.5209 4.90243 0
  p -11.6318 11.362 4.90243 0
  p -11.1046 13.0651 4.90243 0
  c 0 1 1.78488
  c 1 2 1.78488
  c 2 3 1.78488
  c 3 4 1.78488
  c 4 5 1.78488
  c 5 6 1.78488
  c 6 7 1.78488
  c 7 8 1.78488
  c 8 9 1.78488
  c 9 0 1.78488
  s 0 2 3.39504 469.016 2418.37
  s 0 3 4.67288 469.016 2418.37
  s 0 4 5.4933 469.016 2418.37
  s 0 5 5.77599 469.016 2418.37
  s 0 6 5.49329 469.016 2418.37
  s 0 7 4.67288 469.016 2418.37
  s 0 8 3.39504 469.016 2418.37
  s 1 3 3.39505 469.016 2418.37
  s 1 4 4.67288 469.016 2418.37
  s 1 5 5.4933 469.016 2418.37
  s 1 6 5.77599 469.016 2418.37
  s 1 7 5.4933 469.016 2418.37
  s 1 8 4.67287 469.016 2418.37
  s 1 9 3.39504 469.016 2418.37
  s 2 4 3.39505 469.016 2418.37
  s 2 5 4.67288 469.016 2418.37
  s 2 6 5.49329 469.016 2418.37
  s 2 7 5.77599 469.016 2418.37
  s 2 8 5.49329 469.016 2418.37
  s 2 9 4.67287 469.016 2418.37
  s 3 5 3.39504 469.016 2418.37
  s 3 6 4.67287 469.016 2418.37
  s 3 7 5.49329 469.016 2418.37
  s 3 8 5.77599 469.016 2418.37
  s 3 9 5.4933 469.016 2418.37
  s 4 6 3.39504 469.016 2418.37
  s 4 7 4.67287 469.016 2418.37
  s 4 8 5.4933 469.016 2418.37
  s 4 9 5.77599 469.016 2418.37
  s 5 7 3.39504 469.016 2418.37
  s 5 8 4.67288 469.016 2418.37
  s 5 9 5.4933 469.016 2418.37
  s 6 8 3.39504 469.016 2418.37
  s 6 9 4.67288 469.016 2418.37
  s 7 9 3.39505 469.016 2418.37
  a 2.888 3.8147e-06
  a 2.33644 1.69753
  a 0.892443 2.74665
  a -0.892439 2.74665
  a -2.33644 1.69753
  a -2.88799 3.8147e-06
  a -2.33644 -1.69752
  a -0.892439 -2.74664
  a 0.892443 -2.74664
  a 2.33644 -1.69752
  o -13.6609 13.2881 0.529416 1
  t 197 226 192
shp 10 10 35
  p -16.5689 13.5009 4.71019 0
  p -16.9943 15.1959 4.71019 0
  p -18.475 16.1264 4.71019 0
  p -20.2236 16.1058 4.71019 0
  p -21.6598 15.1079 4.71019 0
  p -22.0272 13.3985 4.71019 0
  p -21.5708 11.7101 4.71019 0
  p -20.1209 10.7315 4.71019 0
  p -18.3721 10.7642 4.71019 0
  p -16.9599 11.7956 4.71019 0
  c 0 1 1.74953
  c 1 2 1.74953
  c 2 3 1.74953
  c 3 4 1.74953
  c 4 5 1.74953
  c 5 6 1.74953
  c 6 7 1.74953
  c 7 8 1.74953
  c 8 9 1.74953
  c 9 0 1.74953
  s 0 2 3.32781 450.624 2323.54
  s 0 3 4.58034 450.624 2323.54
  s 0 4 5.38451 450.624 2323.54
  s 0 5 5.66161 450.624 2323.54
  s 0 6 5.38451 450.624 2323.54
  s 0 7 4.58034 450.624 2323.54
  s 0 8 3.32781 450.624 2323.54
  s 1 3 3.32781 450.624 2323.54
  s 1 4 4.58034 450.624 2323.54
  s 1 5 5.38451 450.624 2323.54
  s 1 6 5.66161 450.624 2323.54
  s 1 7 5.38451 450.624 2323.54
  s 1 8 4.58034 450.624 2323.54
  s 1 9 3.32781 450.624 2323.54
  s 2 4 3.32781 450.624 2323.54
  s 2 5 4.58034 450.624 2323.54
  s 2 6 5.38451 450.624 2323.54
  s 2 7 5.66161 450.624 2323.54
  s 2 8 5.38451 450.624 2323.54
  s 2 9 4.58034 450.624 2323.54
  s 3 5 3.32781 450.624 2323.54
  s 3 6 4.58034 450.624 2323.54
  s 3 7 5.38451 450.624 2323.54
  s 3 8 5.66161 450.624 2323.54
  s 3 9 5.38451 450.624 2323.54
  s 4 6 3.32781 450.624 2323.54
  s 4 7 4.58034 450.624 2323.54
  s 4 8 5.38451 450.624 2323.54
  s 4 9 5.66161 450.624 2323.54
  s 5 7 3.32781 450.624 2323.54
  s 5 8 4.58034 450.624 2323.54
  s 5 9 5.38451 450.624 2323.54
  s 6 8 3.32781 450.624 2323.54
  s 6 9 4.58034 450.624 2323.54
  s 7 9 3.32781 450.624 2323.54
  a 2.83081 3.8147e-06
  a 2.29017 1.66391
  a 0.874767 2.69226
  a -0.874767 2.69226
  a -2.29017 1.66391
  a -2.8308 3.8147e-06
  a -2.29017 -1.6639
  a -0.874767 -2.69225
  a 0.874768 -2.69225
  a 2.29017 -1.6639
  o -19.2972 13.4433 0.01866 0
  t 230 183 174
shp 10 10 35
  p -19.0732 -5.89331 1.32157 0
  p -19.9763 -5.70316 1.32157 0
  p -20.8832 -5.51977 1.32157 0
  p -20.9954 -6.43559 1.32157 0
  p -21.1032 -7.3542 1.32157 0
  p -20.8844 -8.25329 1.32157 0
  p -20.0069 -8.54875 1.32157 0
  p -19.2676 -7.99365 1.32157 0
  p -18.7836 -7.20403 1.32157 0
  p -18.3062 -6.41237 1.32157 0
  c 0 1 0.92672
  c 1 2 0.926723
  c 2 3 0.926721
  c 3 4 0.92672
  c 4 5 0.92672
  c 5 6 0.92672
  c 6 7 0.92672
  c 7 8 0.926722
  c 8 9 0.92672
  c 9 0 0.92672
  s 0 2 1.76273 126.435 651.932
  s 0 3 2.42619 126.435 651.932
  s 0 4 2.85215 126.435 651.932
  s 0 5 2.99893 126.435 651.932
  s 0 6 2.85215 126.435 651.932
  s 0 7 2.42619 126.435 651.932
  s 0 8 1.76273 126.435 651.932
  s 1 3 1.76273 126.435 651.932
  s 1 4 2.42619 126.435 651.932
  s 1 5 2.85215 126.435 651.932
  s 1 6 2.99893 126.435 651.932
  s 1 7 2.85215 126.435 651.932
  s 1 8 2.42618 126.435 651.932
  s 1 9 1.76273 126.435 651.932
  s 2 4 1.76273 126.435 651.932
  s 2 5 2.42619 126.435 651.932
  s 2 6 2.85215 126.435 651.932
  s 2 7 2.99893 126.435 651.932
  s 2 8 2.85215 126.435 651.932
  s 2 9 2.42619 126.435 651.932
  s 3 5 1.76273 126.435 651.932
  s 3 6 2.42618 126.435 651.932
  s 3 7 2.85215 126.435 651.932
  s 3 8 2.99893 126.435 651.932
  s 3 9 2.85215 126.435 651.932
  s 4 6 1.76273 126.435 651.932
  s 4 7 2.42618 126.435 651.932
  s 4 8 2.85215 126.435 651.932
  s 4 9 2.99893 126.435 651.932
  s 5 7 1.76273 126.435 651.932
  s 5 8 2.42619 126.435 651.932
  s 5 9 2.85215 126.435 651.932
  s 6 8 1.76273 126.435 651.932
  s 6 9 2.42619 126.435 651.932
  s 7 9 1.76273 126.435 651.932
  a 1.49947 -7.62939e-06
  a 1.21309 0.881355
  a 0.46336 1.42607
  a -0.463361 1.42607
  a -1.21309 0.881355
  a -1.49947 -7.62939e-06
  a -1.21309 -0.881371
  a -0.463361 -1.42608
  a 0.463361 -1.42608
  a 1.21309 -0.881371
  o -19.9281 -6.93209 0.92318 0
  t 136 157 203
shp 11 11 44
  p -36.4821 14.4231 3.92295 0
  p -37.4485 13.2547 3.92295 0
  p -37.4984 11.7386 3.92295 0
  p -36.875 10.3552 3.92295 0
  p -35.5533 9.60961 3.92295 0
  p -34.0376 9.67933 3.92295 0
  p -32.7909 10.5438 3.92295 0
  p -32.2624 11.9659 3.92295 0
  p -32.5607 13.4529 3.92295 0
  p -33.5297 14.6196 3.92295 0
  p -35.0277 14.8573 3.92295 0
  c 0 1 1.51782
  c 1 2 1.51782
  c 2 3 1.51782
  c 3 4 1.51782
  c 4 5 1.51781
  c 5 6 1.51781
  c 6 7 1.51781
  c 7 8 1.51782
  c 8 9 1.51782
  c 9 10 1.51782
  c 10 0 1.51782
  s 0 2 2.91267 375.308 1935.19
  s 0 3 4.07155 375.308 1935.19
  s 0 4 4.90058 375.308 1935.19
  s 0 5 5.3326 375.308 1935.19
  s 0 6 5.3326 375.308 1935.19
  s 0 7 4.90058 375.308 1935.19
  s 0 8 4.07155 375.308 1935.19
  s 0 9 2.91267 375.308 1935.19
  s 1 3 2.91267 375.308 1935.19
  s 1 4 4.07155 375.308 1935.19
  s 1 5 4.90058 375.308 1935.19
  s 1 6 5.3326 375.308 1935.19
  s 1 7 5.3326 375.308 1935.19
  s 1 8 4.90058 375.308 1935.19
  s 1 9 4.07155 375.308 1935.19
  s 1 10 2.91267 375.308 1935.19
  s 2 4 2.91267 375.308 1935.19
  s 2 5 4.07155 375.308 1935.19
  s 2 6 4.90058 375.308 1935.19
  s 2 7 5.3326 375.308 1935.19
  s 2 8 5.3326 375.308 1935.19
  s 2 9 4.90058 375.308 1935.19
  s 2 10 4.07155 375.308 1935.19
  s 3 5 2.91267 375.308 1935.19
  s 3 6 4.07155 375.308 1935.19
  s 3 7 4.90058 375.308 1935.19
  s 3 8 5.3326 375.308 1935.19
  s 3 9 5.3326 375.308 1935.19
  s 3 10 4.90058 375.308 1935.19
  s 4 6 2.91267 375.308 1935.19
  s 4 7 4.07155 375.308 1935.19
  s 4 8 4.90058 375.308 1935.19
  s 4 9 5.3326 375.308 1935.19
  s 4 10 5.3326 375.308 1935.19
  s 5 7 2.91267 375.308 1935.19
  s 5 8 4.07155 375.308 1935.19
  s 5 9 4.90058 375.308 1935.19
  s 5 10 5.3326 375.308 1935.19
  s 6 8 2.91267 375.308 1935.19
  s 6 9 4.07155 375.308 1935.19
  s 6 10 4.90058 375.308 1935.19
  s 7 9 2.91267 375.308 1935.19
  s 7 10 4.07155 375.308 1935.19
  s 8 10 2.91267 375.308 1935.19
  a 2.69372 3.8147e-06
  a 2.2661 1.45634
  a 1.11901 2.45029
  a -0.383355 2.6663
  a -1.76401 2.03578
  a -2.5846 0.758911
  a -2.5846 -0.758904
  a -1.76401 -2.03577
  a -0.383354 -2.66629
  a 1.11901 -2.45029
  a 2.2661 -1.45633
  o -34.9151 12.2269 2.18799 0
  t 152 197 197
shp 9 9 27
  p -10.7124 -13.5644 5.73062 0
  p -8.68147 -13.3586 5.73062 0
  p -7.35727 -11.8049 5.73062 0
  p -7.08572 -9.78142 5.73062 0
  p -8.31654 -8.15269 5.73062 0
  p -10.3134 -7.7323 5.73062 0
  p -12.1543 -8.61481 5.73062 0
  p -12.9887 -10.4783 5.73062 0
  p -12.4165 -12.4385 5.73062 0
  c 0 1 2.04243
  c 1 2 2.04243
  c 2 3 2.04243
  c 3 4 2.04243
  c 4 5 2.04243
  c 5 6 2.04243
  c 6 7 2.04243
  c 7 8 2.04243
  c 8 0 2.04243
  s 0 2 3.83852 548.248 2826.91
  s 0 3 5.17163 548.248 2826.91
  s 0 4 5.88096 548.248 2826.91
  s 0 5 5.88096 548.248 2826.91
  s 0 6 5.17163 548.248 2826.91
  s 0 7 3.83852 548.248 2826.91
  s 1 3 3.83852 548.248 2826.91
  s 1 4 5.17162 548.248 2826.91
  s 1 5 5.88095 548.248 2826.91
  s 1 6 5.88096 548.248 2826.91
  s 1 7 5.17162 548.248 2826.91
  s 1 8 3.83852 548.248 2826.91
  s 2 4 3.83852 548.248 2826.91
  s 2 5 5.17163 548.248 2826.91
  s 2 6 5.88096 548.248 2826.91
  s 2 7 5.88095 548.248 2826.91
  s 2 8 5.17162 548.248 2826.91
  s 3 5 3.83852 548.248 2826.91
  s 3 6 5.17163 548.248 2826.91
  s 3 7 5.88096 548.248 2826.91
  s 3 8 5.88096 548.248 2826.91
  s 4 6 3.83852 548.248 2826.91
  s 4 7 5.17163 548.248 2826.91
  s 4 8 5.88095 548.248 2826.91
  s 5 7 3.83852 548.248 2826.91
  s 5 8 5.17162 548.248 2826.91
  s 6 8 3.83852 548.248 2826.91
  a 2.98585 0
  a 2.28729 1.91926
  a 0.518494 2.94048
  a -1.49291 2.58581
  a -2.80576 1.02122
  a -2.80576 -1.02122
  a -1.49291 -2.58581
  a 0.518494 -2.94048
  a 2.28729 -1.91926
  o -10.0032 -10.6588 -1.80891 0
  t 213 247 243
shp 10 10 35
  p -29.8282 -3.78409 1.64828 0
  p -30.8021 -3.43779 1.64828 0
  p -31.8099 -3.21204 1.64828 0
  p -32.4598 -4.01398 1.64828 0
  p -32.6015 -5.03718 1.64828 0
  p -32.6912 -6.06636 1.64828 0
  p -31.7204 -6.42271 1.64828 0
  p -30.7044 -6.61619 1.64828 0
  p -30.0256 -5.83618 1.64828 0
  p -29.8454 -4.81797 1.64828 0
  c 0 1 1.03495
  c 1 2 1.03495
  c 2 3 1.03495
  c 3 4 1.03495
  c 4 5 1.03495
  c 5 6 1.03495
  c 6 7 1.03495
  c 7 8 1.03495
  c 8 9 1.03495
  c 9 0 1.03495
  s 0 2 1.96859 157.691 813.096
  s 0 3 2.70953 157.691 813.096
  s 0 4 3.18524 157.691 813.096
  s 0 5 3.34916 157.691 813.096
  s 0 6 3.18524 157.691 813.096
  s 0 7 2.70953 157.691 813.096
  s 0 8 1.96859 157.691 813.096
  s 1 3 1.96859 157.691 813.096
  s 1 4 2.70953 157.691 813.096
  s 1 5 3.18524 157.691 813.096
  s 1 6 3.34916 157.691 813.096
  s 1 7 3.18524 157.691 813.096
  s 1 8 2.70953 157.691 813.096
  s 1 9 1.96859 157.691 813.096
  s 2 4 1.96859 157.691 813.096
  s 2 5 2.70953 157.691 813.096
  s 2 6 3.18524 157.691 813.096
  s 2 7 3.34916 157.691 813.096
  s 2 8 3.18524 157.691 813.096
  s 2 9 2.70953 157.691 813.096
  s 3 5 1.96859 157.691 813.096
  s 3 6 2.70953 157.691 813.096
  s 3 7 3.18524 157.691 813.096
  s 3 8 3.34916 157.691 813.096
  s 3 9 3.18524 157.691 813.096
  s 4 6 1.96859 157.691 813.096
  s 4 7 2.70953 157.691 813.096
  s 4 8 3.18524 157.691 813.096
  s 4 9 3.34916 157.691 813.096
  s 5 7 1.96859 157.691 813.096
  s 5 8 2.70953 157.691 813.096
  s 5 9 3.18524 157.691 813.096
  s 6 8 1.96859 157.691 813.096
  s 6 9 2.70953 157.691 813.096
  s 7 9 1.96859 157.691 813.096
  a 1.67458 -3.8147e-06
  a 1.35476 0.984291
  a 0.517471 1.59262
  a -0.517479 1.59262
  a -1.35477 0.984291
  a -1.67458 -3.8147e-06
  a -1.35477 -0.984299
  a -0.517479 -1.59262
  a 0.517471 -1.59262
  a 1.35476 -0.984299
  o -31.2489 -4.92483 0.652238 0
  t 181 156 240
shp 11 11 44
  p -38.8857 13.7074 2.1133 0
  p -39.9523 13.3946 2.1133 0
  p -40.9753 12.9563 2.1133 0
  p -41.2436 11.8756 2.1133 0
  p -41.078 10.774 2.1133 0
  p -40.2907 9.98564 2.1133 0
  p -39.2026 9.74695 2.1133 0
  p -38.1535 10.1208 2.1133 0
  p -37.5092 11.0292 2.1133 0
  p -37.4844 12.1421 2.1133 0
  p -37.9089 13.1713 2.1133 0
  c 0 1 1.11401
  c 1 2 1.11402
  c 2 3 1.11402
  c 3 4 1.11401
  c 4 5 1.11402
  c 5 6 1.11401
  c 6 7 1.11402
  c 7 8 1.11402
  c 8 9 1.11402
  c 9 10 1.11402
  c 10 0 1.11401
  s 0 2 2.13778 202.18 1042.49
  s 0 3 2.98836 202.18 1042.49
  s 0 4 3.59683 202.18 1042.49
  s 0 5 3.91391 202.18 1042.49
  s 0 6 3.91391 202.18 1042.49
  s 0 7 3.59683 202.18 1042.49
  s 0 8 2.98836 202.18 1042.49
  s 0 9 2.13778 202.18 1042.49
  s 1 3 2.13778 202.18 1042.49
  s 1 4 2.98836 202.18 1042.49
  s 1 5 3.59683 202.18 1042.49
  s 1 6 3.91391 202.18 1042.49
  s 1 7 3.91391 202.18 1042.49
  s 1 8 3.59683 202.18 1042.49
  s 1 9 2.98836 202.18 1042.49
  s 1 10 2.13778 202.18 1042.49
  s 2 4 2.13778 202.18 1042.49
  s 2 5 2.98836 202.18 1042.49
  s 2 6 3.59683 202.18 1042.49
  s 2 7 3.91391 202.18 1042.49
  s 2 8 3.91392 202.18 1042.49
  s 2 9 3.59683 202.18 1042.49
  s 2 10 2.98836 202.18 1042.49
  s 3 5 2.13778 202.18 1042.49
  s 3 6 2.98835 202.18 1042.49
  s 3 7 3.59683 202.18 1042.49
  s 3 8 3.91391 202.18 1042.49
  s 3 9 3.91391 202.18 1042.49
  s 3 10 3.59683 202.18 1042.49
  s 4 6 2.13778 202.18 1042.49
  s 4 7 2.98836 202.18 1042.49
  s 4 8 3.59683 202.18 1042.49
  s 4 9 3.91391 202.18 1042.49
  s 4 10 3.91391 202.18 1042.49
  s 5 7 2.13778 202.18 1042.49
  s 5 8 2.98836 202.18 1042.49
  s 5 9 3.59683 202.18 1042.49
  s 5 10 3.91391 202.18 1042.49
  s 6 8 2.13778 202.18 1042.49
  s 6 9 2.98836 202.18 1042.49
  s 6 10 3.59683 202.18 1042.49
  s 7 9 2.13778 202.18 1042.49
  s 7 10 2.98836 202.18 1042.49
  s 8 10 2.13778 202.18 1042.49
  a 1.97708 -3.8147e-06
  a 1.66322 1.06889
  a 0.821304 1.79841
  a -0.281372 1.95695
  a -1.29472 1.49417
  a -1.897 0.557003
  a -1.897 -0.557011
  a -1.29472 -1.49418
  a -0.281372 -1.95696
  a 0.821304 -1.79842
  a 1.66322 -1.06889
  o -39.3349 11.7182 1.35404 0
  t 203 153 230
shp 11 11 44
  p -27.2717 -7.71603 2.2404 0
  p -26.4563 -6.91081 2.2404 0
  p -26.4465 -5.76572 2.2404 0
  p -26.5069 -4.62288 2.2404 0
  p -27.5337 -4.11983 2.2404 0
  p -28.654 -3.88673 2.2404 0
  p -29.7531 -4.21019 2.2404 0
  p -29.9447 -5.33602 2.2404 0
  p -30.1481 -6.4641 2.2404 0
  p -29.2684 -7.1975 2.2404 0
  p -28.3971 -7.94142 2.2404 0
  c 0 1 1.14703
  c 1 2 1.14703
  c 2 3 1.14703
  c 3 4 1.14703
  c 4 5 1.14703
  c 5 6 1.14703
  c 6 7 1.14703
  c 7 8 1.14703
  c 8 9 1.14703
  c 9 10 1.14703
  c 10 0 1.14703
  s 0 2 2.20114 214.339 1105.19
  s 0 3 3.07692 214.339 1105.19
  s 0 4 3.70343 214.339 1105.19
  s 0 5 4.02991 214.339 1105.19
  s 0 6 4.02991 214.339 1105.19
  s 0 7 3.70343 214.339 1105.19
  s 0 8 3.07692 214.339 1105.19
  s 0 9 2.20114 214.339 1105.19
  s 1 3 2.20114 214.339 1105.19
  s 1 4 3.07692 214.339 1105.19
  s 1 5 3.70343 214.339 1105.19
  s 1 6 4.02991 214.339 1105.19
  s 1 7 4.02991 214.339 1105.19
  s 1 8 3.70343 214.339 1105.19
  s 1 9 3.07692 214.339 1105.19
  s 1 10 2.20114 214.339 1105.19
  s 2 4 2.20114 214.339 1105.19
  s 2 5 3.07692 214.339 1105.19
  s 2 6 3.70343 214.339 1105.19
  s 2 7 4.02991 214.339 1105.19
  s 2 8 4.02991 214.339 1105.19
  s 2 9 3.70343 214.339 1105.19
  s 2 10 3.07692 214.339 1105.19
  s 3 5 2.20114 214.339 1105.19
  s 3 6 3.07692 214.339 1105.19
  s 3 7 3.70343 214.339 1105.19
  s 3 8 4.02991 214.339 1105.19
  s 3 9 4.02991 214.339 1105.19
  s 3 10 3.70343 214.339 1105.19
  s 4 6 2.20114 214.339 1105.19
  s 4 7 3.07692 214.339 1105.19
  s 4 8 3.70343 214.339 1105.19
  s 4 9 4.02991 214.339 1105.19
  s 4 10 4.02991 214.339 1105.19
  s 5 7 2.20114 214.339 1105.19
  s 5 8 3.07692 214.339 1105.19
  s 5 9 3.70343 214.339 1105.19
  s 5 10 4.02991 214.339 1105.19
  s 6 8 2.20114 214.339 1105.19
  s 6 9 3.07692 214.339 1105.19
  s 6 10 3.70343 214.339 1105.19
  s 7 9 2.20114 214.339 1105.19
  s 7 10 3.07692 214.339 1105.19
  s 8 10 2.20114 214.339 1105.19
  a 2.03567 -1.90735e-06
  a 1.71252 1.10057
  a 0.845648 1.85172
  a -0.289709 2.01495
  a -1.33309 1.53846
  a -1.95322 0.573513
  a -1.95322 -0.573519
  a -1.33309 -1.53846
  a -0.289709 -2.01496
  a 0.845648 -1.85172
  a 1.71252 -1.10057
  o -28.2165 -5.83402 -1.10009 0
  t 202 219 226
shp 11 11 44
  p -8.01871 7.59988 4.17598 0
  p -7.63831 9.11838 4.17598 0
  p -8.1231 10.6065 4.17598 0
  p -9.41498 11.49 4.17598 0
  p -10.9631 11.7206 4.17598 0
  p -12.3439 10.9831 4.17598 0
  p -13.1536 9.64314 4.17598 0
  p -13.0626 8.07996 4.17598 0
  p -12.1485 6.80851 4.17598 0
  p -10.6939 6.22858 4.17598 0
  p -9.15603 6.52335 4.17598 0
  c 0 1 1.566
  c 1 2 1.566
  c 2 3 1.566
  c 3 4 1.566
  c 4 5 1.566
  c 5 6 1.566
  c 6 7 1.566
  c 7 8 1.566
  c 8 9 1.566
  c 9 10 1.566
  c 10 0 1.566
  s 0 2 3.00513 399.516 2060.01
  s 0 3 4.2008 399.516 2060.01
  s 0 4 5.05615 399.516 2060.01
  s 0 5 5.50188 399.516 2060.01
  s 0 6 5.50188 399.516 2060.01
  s 0 7 5.05615 399.516 2060.01
  s 0 8 4.2008 399.516 2060.01
  s 0 9 3.00513 399.516 2060.01
  s 1 3 3.00513 399.516 2060.01
  s 1 4 4.2008 399.516 2060.01
  s 1 5 5.05615 399.516 2060.01
  s 1 6 5.50188 399.516 2060.01
  s 1 7 5.50188 399.516 2060.01
  s 1 8 5.05615 399.516 2060.01
  s 1 9 4.2008 399.516 2060.01
  s 1 10 3.00513 399.516 2060.01
  s 2 4 3.00513 399.516 2060.01
  s 2 5 4.2008 399.516 2060.01
  s 2 6 5.05615 399.516 2060.01
  s 2 7 5.50188 399.516 2060.01
  s 2 8 5.50188 399.516 2060.01
  s 2 9 5.05615 399.516 2060.01
  s 2 10 4.2008 399.516 2060.01
  s 3 5 3.00513 399.516 2060.01
  s 3 6 4.2008 399.516 2060.01
  s 3 7 5.05615 399.516 2060.01
  s 3 8 5.50188 399.516 2060.01
  s 3 9 5.50188 399.516 2060.01
  s 3 10 5.05615 399.516 2060.01
  s 4 6 3.00513 399.516 2060.01
  s 4 7 4.2008 399.516 2060.01
  s 4 8 5.05615 399.516 2060.01
  s 4 9 5.50188 399.516 2060.01
  s 4 10 5.50188 399.516 2060.01
  s 5 7 3.00513 399.516 2060.01
  s 5 8 4.2008 399.516 2060.01
  s 5 9 5.05615 399.516 2060.01
  s 5 10 5.50188 399.516 2060.01
  s 6 8 3.00513 399.516 2060.01
  s 6 9 4.2008 399.516 2060.01
  s 6 10 5.05615 399.516 2060.01
  s 7 9 3.00513 399.516 2060.01
  s 7 10 4.2008 399.516 2060.01
  s 8 10 3.00513 399.516 2060.01
  a 2.77923 3.8147e-06
  a 2.33804 1.50257
  a 1.15453 2.52808
  a -0.395525 2.75094
  a -1.82001 2.1004
  a -2.66665 0.783003
  a -2.66665 -0.782995
  a -1.82001 -2.1004
  a -0.395524 -2.75094
  a 1.15453 -2.52807
  a 2.33804 -1.50256
  o -10.4288 8.98165 -0.524092 0
  t 211 252 240
shp 5 5 5
  p -14.945 -6.76322 7.23552 0
  p -18.1178 -6.09751 7.23552 0
  p -19.8091 -8.86347 7.23552 0
  p -17.7064 -11.3314 7.23552 0
  p -14.7503 -9.99986 7.23552 0
  c 0 1 3.2425
  c 1 2 3.2425
  c 2 3 3.2425
  c 3 4 3.2425
  c 4 0 3.2425
  s 0 2 5.24647 692.222 3569.28
  s 0 3 5.24647 692.222 3569.28
  s 1 3 5.24647 692.222 3569.28
  s 1 4 5.24647 692.222 3569.28
  s 2 4 5.24647 692.222 3569.28
  a 2.75823 0
  a 0.852341 2.62323
  a -2.23146 1.62125
  a -2.23146 -1.62125
  a 0.852341 -2.62323
  o -17.0659 -8.61139 0.714975 0
  t 179 136 226
shp 10 10 35
  p -44.8489 11.1663 2.38926 0
  p -46.0208 11.5861 2.38926 0
  p -47.2144 11.2318 2.38926 0
  p -48.07 10.3265 2.38926 0
  p -48.1132 9.08139 2.38926 0
  p -47.4329 8.03762 2.38926 0
  p -46.2718 7.58575 2.38926 0
  p -45.0652 7.89615 2.38926 0
  p -44.2639 8.84983 2.38926 0
  p -44.2137 10.0943 2.38926 0
  c 0 1 1.24605
  c 1 2 1.24605
  c 2 3 1.24605
  c 3 4 1.24605
  c 4 5 1.24605
  c 5 6 1.24605
  c 6 7 1.24605
  c 7 8 1.24605
  c 8 9 1.24605
  c 9 0 1.24605
  s 0 2 2.37012 228.58 1178.62
  s 0 3 3.26219 228.58 1178.62
  s 0 4 3.83493 228.58 1178.62
  s 0 5 4.03229 228.58 1178.62
  s 0 6 3.83493 228.58 1178.62
  s 0 7 3.26219 228.58 1178.62
  s 0 8 2.37012 228.58 1178.62
  s 1 3 2.37012 228.58 1178.62
  s 1 4 3.26219 228.58 1178.62
  s 1 5 3.83493 228.58 1178.62
  s 1 6 4.03229 228.58 1178.62
  s 1 7 3.83494 228.58 1178.62
  s 1 8 3.26219 228.58 1178.62
  s 1 9 2.37012 228.58 1178.62
  s 2 4 2.37012 228.58 1178.62
  s 2 5 3.26219 228.58 1178.62
  s 2 6 3.83494 228.58 1178.62
  s 2 7 4.03229 228.58 1178.62
  s 2 8 3.83493 228.58 1178.62
  s 2 9 3.26219 228.58 1178.62
  s 3 5 2.37012 228.58 1178.62
  s 3 6 3.26219 228.58 1178.62
  s 3 7 3.83493 228.58 1178.62
  s 3 8 4.03229 228.58 1178.62
  s 3 9 3.83494 228.58 1178.62
  s 4 6 2.37012 228.58 1178.62
  s 4 7 3.26219 228.58 1178.62
  s 4 8 3.83494 228.58 1178.62
  s 4 9 4.03229 228.58 1178.62
  s 5 7 2.37012 228.58 1178.62
  s 5 8 3.26219 228.58 1178.62
  s 5 9 3.83493 228.58 1178.62
  s 6 8 2.37012 228.58 1178.62
  s 6 9 3.26219 228.58 1178.62
  s 7 9 2.37012 228.58 1178.62
  a 2.01616 3.8147e-06
  a 1.63111 1.18506
  a 0.623035 1.91747
  a -0.623013 1.91747
  a -1.63108 1.18506
  a -2.01613 3.8147e-06
  a -1.63108 -1.18506
  a -0.623013 -1.91746
  a 0.623035 -1.91746
  a 1.63111 -1.18506
  o -46.1515 9.58522 0.883164 0
  t 241 192 206
shp 8 8 20
  p -22.9018 -10.4514 4.45763 0
  p -22.923 -8.53203 4.45763 0
  p -24.4263 -7.33694 4.45763 0
  p -26.3436 -7.21971 4.45763 0
  p -27.6923 -8.588 4.45763 0
  p -27.6282 -10.5081 4.45763 0
  p -26.1918 -11.7832 4.45763 0
  p -24.2711 -11.7997 4.45763 0
  c 0 1 1.92167
  c 1 2 1.92167
  c 2 3 1.92167
  c 3 4 1.92167
  c 4 5 1.92167
  c 5 6 1.92167
  c 6 7 1.92167
  c 7 0 1.92167
  s 0 2 3.55079 426.461 2198.95
  s 0 3 4.63933 426.461 2198.95
  s 0 4 5.02158 426.461 2198.95
  s 0 5 4.63933 426.461 2198.95
  s 0 6 3.55079 426.461 2198.95
  s 1 3 3.55079 426.461 2198.95
  s 1 4 4.63933 426.461 2198.95
  s 1 5 5.02157 426.461 2198.95
  s 1 6 4.63933 426.461 2198.95
  s 1 7 3.55079 426.461 2198.95
  s 2 4 3.55079 426.461 2198.95
  s 2 5 4.63933 426.461 2198.95
  s 2 6 5.02158 426.461 2198.95
  s 2 7 4.63933 426.461 2198.95
  s 3 5 3.55079 426.461 2198.95
  s 3 6 4.63933 426.461 2198.95
  s 3 7 5.02157 426.461 2198.95
  s 4 6 3.55079 426.461 2198.95
  s 4 7 4.63933 426.461 2198.95
  s 5 7 3.55079 426.461 2198.95
  a 2.51079 3.8147e-06
  a 1.77539 1.7754
  a 0 2.51079
  a -1.77539 1.7754
  a -2.51079 3.8147e-06
  a -1.77539 -1.77539
  a 0 -2.51078
  a 1.77539 -1.77539
  o -25.2977 -9.52742 -0.374407 0
  t 235 150 142
shp 9 9 27
  p -13.8619 -10.1835 1.7489 0
  p -12.7561 -9.96547 1.7489 0
  p -12.2934 -8.93827 1.7489 0
  p -11.8271 -7.91262 1.7489 0
  p -12.7203 -7.22538 1.7489 0
  p -13.8237 -6.99428 1.7489 0
  p -14.9146 -7.2807 1.7489 0
  p -14.8537 -8.40408 1.7489 0
  p -14.782 -9.52913 1.7489 0
  c 0 1 1.12832
  c 1 2 1.12832
  c 2 3 1.12832
  c 3 4 1.12832
  c 4 5 1.12832
  c 5 6 1.12832
  c 6 7 1.12832
  c 7 8 1.12832
  c 8 0 1.12832
  s 0 2 2.12055 167.317 862.733
  s 0 3 2.85701 167.317 862.733
  s 0 4 3.24887 167.317 862.733
  s 0 5 3.24887 167.317 862.733
  s 0 6 2.85701 167.317 862.733
  s 0 7 2.12055 167.317 862.733
  s 1 3 2.12055 167.317 862.733
  s 1 4 2.85701 167.317 862.733
  s 1 5 3.24887 167.317 862.733
  s 1 6 3.24887 167.317 862.733
  s 1 7 2.85701 167.317 862.733
  s 1 8 2.12055 167.317 862.733
  s 2 4 2.12055 167.317 862.733
  s 2 5 2.85701 167.317 862.733
  s 2 6 3.24887 167.317 862.733
  s 2 7 3.24887 167.317 862.733
  s 2 8 2.85701 167.317 862.733
  s 3 5 2.12055 167.317 862.733
  s 3 6 2.85701 167.317 862.733
  s 3 7 3.24887 167.317 862.733
  s 3 8 3.24887 167.317 862.733
  s 4 6 2.12055 167.317 862.733
  s 4 7 2.85701 167.317 862.733
  s 4 8 3.24887 167.317 862.733
  s 5 7 2.12055 167.317 862.733
  s 5 8 2.85701 167.317 862.733
  s 6 8 2.12055 167.317 862.733
  a 1.64949 -3.8147e-06
  a 1.26359 1.06027
  a 0.286432 1.62443
  a -0.824747 1.4285
  a -1.55002 0.564156
  a -1.55002 -0.564163
  a -0.824747 -1.42851
  a 0.286432 -1.62444
  a 1.26359 -1.06028
  o -13.5372 -8.4929 -1.76692 0
  t 173 217 194
shp 4 4 2
  p -59.9624 7.43728 59.2376 0
  p -32.1049 15.724 59.2376 0
  p -33.2655 19.6317 59.2376 0
  p -61.123 11.3449 59.2376 0
  c 0 1 29.0639
  c 1 2 4.07637
  c 2 3 29.0639
  c 3 0 4.07637
  s 0 2 29.3484 5667.26 29221.9
  s 1 3 29.3484 5667.26 29221.9
  a -14.532 -2.03818
  a 14.532 -2.03818
  a 14.532 2.03818
  a -14.532 2.03818
  o -46.6017 13.389 0.287886 1
  t 255 255 255
shp 4 4 2
  p -31.5825 15.9708 50.1922 0
  p -7.61703 16.2509 50.1922 0
  p -7.66523 20.439 50.1922 0
  p -31.6307 20.1589 50.1922 0
  c 0 1 23.9671
  c 1 2 4.18842
  c 2 3 23.9671
  c 3 0 4.18842
  s 0 2 24.3303 4801.88 24759.8
  s 1 3 24.3303 4801.88 24759.8
  a -11.9835 -2.09421
  a 11.9835 -2.09421
  a 11.9835 2.09421
  a -11.9835 2.09421
  o -19.6224 17.9806 0.011176 1
  t 255 255 255
shp 4 4 2
  p nan nan 0 0
  p nan nan 0 0
  p -nan(ind) -nan(ind) 0 0
  p -nan(ind) -nan(ind) 0 0
  c 0 1 0
  c 1 2 0
  c 2 3 0
  c 3 0 0
  s 0 2 0 0 0
  s 1 3 0 0 0
  a -nan(ind) -nan(ind)
  a -nan(ind) -nan(ind)
  a -nan(ind) -nan(ind)
  a -nan(ind) -nan(ind)
  o -nan(ind) -nan(ind) -nan(ind) 0
  t 255 255 255
shp 4 4 2
  p -6.48684 3.94378 39.9849 0
  p -1.61376 4.15789 39.9849 0
  p -2.32108 20.5374 39.9849 0
  p -7.19416 20.3233 39.9849 0
  c 0 1 4.87778
  c 1 2 16.3947
  c 2 3 4.87778
  c 3 0 16.3947
  s 0 2 17.105 3825.36 19724.6
  s 1 3 17.105 3825.36 19724.6
  a -2.43889 -8.19737
  a 2.43889 -8.19737
  a 2.43889 8.19737
  a -2.43889 8.19737
  o -4.47307 12.1351 0.0450523 1
  t 255 255 255
shp 4 4 2
  p -31.8153 -3.23027 63.8819 0
  p -5.83777 -8.67322 63.8819 0
  p -4.85618 -3.96061 63.8819 0
  p -30.8337 1.48234 63.8819 0
  c 0 1 26.5416
  c 1 2 4.81373
  c 2 3 26.5416
  c 3 0 4.81373
  s 0 2 26.9746 6111.59 31513
  s 1 3 26.9746 6111.59 31513
  a -13.2708 -2.40686
  a 13.2708 -2.40686
  a 13.2708 2.40686
  a -13.2708 2.40686
  o -18.3712 -3.85434 -0.204281 1
  t 255 255 255
shp 4 4 2
  p -68.9193 -5.08689 30.1342 0
  p -64.9855 -6.40769 30.1342 0
  p -60.3629 7.3608 30.1342 0
  p -64.2968 8.6816 30.1342 0
  c 0 1 4.14964
  c 1 2 14.5237
  c 2 3 4.14964
  c 3 0 14.5237
  s 0 2 15.1049 2882.94 14865.2
  s 1 3 15.1049 2882.94 14865.2
  a -2.07482 -7.26187
  a 2.07483 -7.26187
  a 2.07483 7.26187
  a -2.07482 7.26187
  o -64.6416 1.03452 -0.323774 1
  t 255 255 255
shp 4 4 2
  p -39.1281 -17.6256 34.5341 0
  p -34.4236 -18.2882 34.5341 0
  p -32.4349 -3.88704 34.5341 0
  p -37.1394 -3.22441 34.5341 0
  c 0 1 4.75093
  c 1 2 14.5378
  c 2 3 4.75093
  c 3 0 14.5378
  s 0 2 15.2944 3303.88 17035.7
  s 1 3 15.2944 3303.88 17035.7
  a -2.37547 -7.26892
  a 2.37547 -7.26892
  a 2.37547 7.26892
  a -2.37547 7.26892
  o -35.692 -10.871 -0.144399 1
  t 255 255 255
shp 4 4 2
  p 9.98514 -21.4872 45.9658 0
  p 12.8864 -17.9482 45.9658 0
  p -2.64079 -5.20178 45.9658 0
  p -5.54207 -8.74079 45.9658 0
  c 0 1 4.57624
  c 1 2 20.0889
  c 2 3 4.57624
  c 3 0 20.0889
  s 0 2 20.6036 4397.55 22674.9
  s 1 3 20.6036 4397.55 22674.9
  a -2.28812 -10.0445
  a 2.28812 -10.0445
  a 2.28812 10.0445
  a -2.28812 10.0445
  o 3.65498 -13.4679 0.88526 1
  t 255 255 255
shp 10 10 35
  p -25.8959 -12.0402 4.42397 0
  p -27.1651 -10.9183 4.42397 0
  p -28.8554 -10.7929 4.42397 0
  p -30.2589 -11.7426 4.42397 0
  p -30.9694 -13.2817 4.42397 0
  p -30.5362 -14.9208 4.42397 0
  p -29.2336 -16.0061 4.42397 0
  p -27.5426 -16.1273 4.42397 0
  p -26.0989 -15.2387 4.42397 0
  p -25.4454 -13.6748 4.42397 0
  c 0 1 1.69555
  c 1 2 1.69555
  c 2 3 1.69555
  c 3 4 1.69555
  c 4 5 1.69555
  c 5 6 1.69555
  c 6 7 1.69555
  c 7 8 1.69556
  c 8 9 1.69555
  c 9 0 1.69555
  s 0 2 3.22513 423.242 2182.35
  s 0 3 4.43902 423.242 2182.35
  s 0 4 5.21837 423.242 2182.35
  s 0 5 5.48692 423.242 2182.35
  s 0 6 5.21837 423.242 2182.35
  s 0 7 4.43902 423.242 2182.35
  s 0 8 3.22513 423.242 2182.35
  s 1 3 3.22513 423.242 2182.35
  s 1 4 4.43901 423.242 2182.35
  s 1 5 5.21837 423.242 2182.35
  s 1 6 5.48692 423.242 2182.35
  s 1 7 5.21838 423.242 2182.35
  s 1 8 4.43901 423.242 2182.35
  s 1 9 3.22513 423.242 2182.35
  s 2 4 3.22513 423.242 2182.35
  s 2 5 4.43901 423.242 2182.35
  s 2 6 5.21837 423.242 2182.35
  s 2 7 5.48692 423.242 2182.35
  s 2 8 5.21837 423.242 2182.35
  s 2 9 4.43901 423.242 2182.35
  s 3 5 3.22513 423.242 2182.35
  s 3 6 4.43901 423.242 2182.35
  s 3 7 5.21837 423.242 2182.35
  s 3 8 5.48692 423.242 2182.35
  s 3 9 5.21838 423.242 2182.35
  s 4 6 3.22513 423.242 2182.35
  s 4 7 4.43901 423.242 2182.35
  s 4 8 5.21838 423.242 2182.35
  s 4 9 5.48692 423.242 2182.35
  s 5 7 3.22513 423.242 2182.35
  s 5 8 4.43902 423.242 2182.35
  s 5 9 5.21837 423.242 2182.35
  s 6 8 3.22513 423.242 2182.35
  s 6 9 4.43901 423.242 2182.35
  s 7 9 3.22513 423.242 2182.35
  a 2.74347 0
  a 2.21951 1.61257
  a 0.847778 2.60919
  a -0.847775 2.60919
  a -2.2195 1.61257
  a -2.74346 0
  a -2.2195 -1.61257
  a -0.847775 -2.60919
  a 0.847782 -2.60919
  a 2.21951 -1.61257
  o -28.2002 -13.4748 0.556272 0
  t 244 176 195
shp 5 5 5
  p -12.668 -11.574 4.08977 0
  p -14.3634 -9.82269 4.08977 0
  p -16.5852 -10.8257 4.08977 0
  p -16.2661 -13.2424 4.08977 0
  p -13.8706 -13.6945 4.08977 0
  c 0 1 2.43778
  c 1 2 2.43778
  c 2 3 2.43778
  c 3 4 2.43778
  c 4 0 2.43779
  s 0 2 3.94442 391.268 2017.48
  s 0 3 3.94442 391.268 2017.48
  s 1 3 3.94442 391.268 2017.48
  s 1 4 3.94442 391.268 2017.48
  s 2 4 3.94442 391.268 2017.48
  a 2.0737 0
  a 0.640804 1.97221
  a -1.67767 1.21889
  a -1.67767 -1.21889
  a 0.640804 -1.97221
  o -14.7509 -11.8322 0.124384 0
  t 155 159 215
shp 7 7 14
  p -33.6145 -12.4136 1.03885 0
  p -33.0787 -13.2578 1.03885 0
  p -32.0786 -13.2459 1.03885 0
  p -31.397 -12.5143 1.03885 0
  p -31.7559 -11.5814 1.03885 0
  p -32.5698 -11.0005 1.03885 0
  p -33.4763 -11.4229 1.03885 0
  c 0 1 1.00029
  c 1 2 1.00029
  c 2 3 1.00029
  c 3 4 1.00029
  c 4 5 1.00029
  c 5 6 1.00029
  c 6 0 1.00029
  s 0 2 1.80246 99.3871 512.466
  s 0 3 2.24763 99.3871 512.466
  s 0 4 2.24763 99.3871 512.466
  s 0 5 1.80246 99.3871 512.466
  s 1 3 1.80246 99.3871 512.466
  s 1 4 2.24763 99.3871 512.466
  s 1 5 2.24763 99.3871 512.466
  s 1 6 1.80246 99.3871 512.466
  s 2 4 1.80246 99.3871 512.466
  s 2 5 2.24763 99.3871 512.466
  s 2 6 2.24763 99.3871 512.466
  s 3 5 1.80246 99.3871 512.466
  s 3 6 2.24763 99.3871 512.466
  s 4 6 1.80246 99.3871 512.466
  a 1.15272 3.8147e-06
  a 0.718708 0.901232
  a -0.256502 1.12382
  a -1.03856 0.500147
  a -1.03856 -0.500141
  a -0.2565 -1.12381
  a 0.718708 -0.901224
  o -32.5673 -12.2052 -2.93578 0
  t 195 246 247
shp 4 4 2
  p -16.3716 -13.2722 9.22522 0
  p -16.5291 -11.246 9.22522 0
  p -25.5842 -11.8913 9.22522 0
  p -25.4267 -13.9176 9.22522 0
  c 0 1 2.03241
  c 1 2 9.07808
  c 2 3 2.03241
  c 3 0 9.07808
  s 0 2 9.30281 882.577 4550.8
  s 1 3 9.30281 882.577 4550.8
  a -1.0162 -4.53904
  a 1.0162 -4.53904
  a 1.0162 4.53904
  a -1.0162 4.53904
  o -20.9781 -12.582 1.64223 0
  t 255 255 255
